source,target,weight
ar,ab,19744
ar,aa,47
ar,af,73850
ar,ace,3307
ar,ady,565
ar,als,18478
ar,ak,238
ar,am,8850
ar,ami,694
ar,alt,1365
ar,an,44249
ar,ang,6561
ar,ary,27513
ar,arc,2381
ar,anp,1594
ar,ann,380
ar,arz,597794
ar,as,11922
ar,ast,83444
ar,avk,8081
ar,ay,3006
ar,awa,1500
ar,atj,868
ar,av,4565
ar,az,187168
ar,azb,214500
ar,ba,37434
ar,ban,11839
ar,bar,19328
ar,bat-smg,6920
ar,bcl,12010
ar,be,152046
ar,bbc,623
ar,bdr,315
ar,be-x-old,90473
ar,be-tarask,213
ar,bew,2635
ar,bg,179213
ar,bh,17758
ar,blk,1969
ar,bjn,4084
ar,bi,1646
ar,bm,1215
ar,bn,178807
ar,bo,4751
ar,bpy,15132
ar,br,56678
ar,bs,93930
ar,btm,1055
ar,bug,1981
ar,bxr,4808
ar,ca,277106
ar,cdo,19402
ar,cbk-zam,2339
ar,ce,77463
ar,ceb,138129
ar,chr,1524
ar,chy,709
ar,ckb,90752
ar,ch,794
ar,cho,25
ar,co,6790
ar,crh,9356
ar,cr,410
ar,cs,272148
ar,csb,3768
ar,cv,33553
ar,cu,1813
ar,cy,119154
ar,da,172530
ar,dag,4497
ar,de,604466
ar,diq,27058
ar,dga,285
ar,dsb,5516
ar,din,659
ar,dty,2235
ar,dz,645
ar,ee,1324
ar,dtp,1855
ar,dv,3241
ar,el,158716
ar,eml,8089
ar,en,1877617
ar,eo,212734
ar,es,670359
ar,et,110761
ar,eu,233658
ar,ext,3803
ar,fa,879115
ar,fi,250721
ar,ff,2965
ar,fat,323
ar,fiu-vro,4354
ar,fo,16569
ar,fj,2291
ar,fon,433
ar,fr,735999
ar,frr,17722
ar,frp,5479
ar,fy,56982
ar,fur,4065
ar,ga,44619
ar,gcr,2459
ar,gd,11227
ar,gag,2717
ar,gan,12556
ar,gl,137010
ar,glk,29930
ar,gn,5507
ar,gu,8718
ar,gur,266
ar,gpe,1335
ar,gv,18346
ar,guw,899
ar,got,1239
ar,gom,1535
ar,gor,1452
ar,guc,377
ar,ha,22027
ar,hak,9104
ar,haw,2596
ar,he,215534
ar,hi,75084
ar,hif,6757
ar,hr,108340
ar,ho,12
ar,hsb,13849
ar,ht,39298
ar,hu,226552
ar,hy,210208
ar,ia,23927
ar,hyw,9055
ar,hz,14
ar,id,302795
ar,iba,1350
ar,ig,12547
ar,igl,187
ar,ie,9545
ar,ik,1244
ar,ilo,20241
ar,ii,17
ar,inh,3049
ar,io,40578
ar,is,47649
ar,it,558706
ar,ja,430988
ar,iu,737
ar,jv,35382
ar,jbo,1580
ar,jam,1965
ar,ka,125232
ar,kaa,7022
ar,kab,8317
ar,kcg,1539
ar,kbd,2838
ar,kbp,1977
ar,kg,1544
ar,kge,2345
ar,ki,1858
ar,kj,14
ar,kk,98214
ar,km,6449
ar,kn,16389
ar,kl,638
ar,knc,1041
ar,ko,475748
ar,ks,5049
ar,koi,1994
ar,krc,4348
ar,ksh,2614
ar,ku,68060
ar,kr,11
ar,kv,5163
ar,kw,8052
ar,kus,88
ar,ky,29161
ar,la,86991
ar,lad,4546
ar,lb,47644
ar,lez,3637
ar,lfn,4878
ar,lbe,1504
ar,lg,1798
ar,li,11159
ar,lij,10484
ar,lld,46288
ar,lmo,31768
ar,ln,3463
ar,lo,5055
ar,lt,95897
ar,lrc,3
ar,ltg,1312
ar,lv,92271
ar,mad,1387
ar,mai,8270
ar,mdf,9338
ar,map-bms,4553
ar,mg,49805
ar,mhr,9028
ar,mi,3856
ar,mh,26
ar,min,14308
ar,mk,128009
ar,ml,59368
ar,mn,55326
ar,mnw,1479
ar,mni,3178
ar,mos,540
ar,mr,43670
ar,mrj,7234
ar,ms,157511
ar,mt,8728
ar,mwl,5490
ar,my,32034
ar,mus,11
ar,mzn,48580
ar,myv,6560
ar,nah,4727
ar,na,191
ar,nap,11507
ar,nds,22055
ar,ne,19867
ar,nds-nl,6413
ar,new,15524
ar,nia,528
ar,nl,372950
ar,ng,49
ar,nn,117140
ar,no,302201
ar,nrm,4667
ar,nov,2339
ar,nr,93
ar,nqo,684
ar,nso,4328
ar,oc,48656
ar,nv,8363
ar,ny,1490
ar,or,15471
ar,olo,3614
ar,om,1848
ar,os,22512
ar,pa,30739
ar,pag,1428
ar,pap,4448
ar,pam,8814
ar,pi,2947
ar,pfl,1629
ar,pcd,3740
ar,pdc,2315
ar,pcm,604
ar,pl,461775
ar,pih,108
ar,pms,20461
ar,pnb,46089
ar,pnt,834
ar,ps,18009
ar,pt,555005
ar,qu,18745
ar,pwn,226
ar,rmy,1066
ar,rm,2412
ar,rn,968
ar,ro,230915
ar,roa-tara,7675
ar,rsk,560
ar,ru,643658
ar,roa-rup,1628
ar,rue,10097
ar,sa,14617
ar,rw,3687
ar,sah,13165
ar,sat,5735
ar,scn,19090
ar,sc,7215
ar,sco,61296
ar,sd,19047
ar,se,9782
ar,sg,637
ar,sh,161495
ar,shi,10765
ar,shn,12023
ar,si,23027
ar,simple,209273
ar,sk,132874
ar,skr,4464
ar,sl,120256
ar,sm,1364
ar,smn,16441
ar,so,7388
ar,sn,3407
ar,sq,63676
ar,sr,219677
ar,ss,1052
ar,st,1061
ar,srn,1118
ar,stq,4040
ar,su,15785
ar,sv,436614
ar,sw,49178
ar,szl,12060
ar,syl,1178
ar,szy,2133
ar,ta,68468
ar,tcy,1301
ar,tdd,493
ar,tay,1456
ar,te,25466
ar,tet,1050
ar,tg,62373
ar,th,142071
ar,tk,8321
ar,tl,51904
ar,ti,1197
ar,tig,32
ar,tn,1111
ar,tpi,2144
ar,tly,7760
ar,to,979
ar,tr,360804
ar,ts,1152
ar,trv,546
ar,tt,105220
ar,tum,5300
ar,tw,1606
ar,tyv,2117
ar,ty,1305
ar,udm,4762
ar,ug,5242
ar,uk,511523
ar,ur,427043
ar,uz,132093
ar,ve,509
ar,vec,29672
ar,vep,9940
ar,vi,345300
ar,vls,7878
ar,vo,23458
ar,wa,6678
ar,war,99001
ar,wo,2179
ar,wuu,39243
ar,xmf,21423
ar,xh,2067
ar,xal,2012
ar,yi,11629
ar,yo,17089
ar,za,3100
ar,zgh,11284
ar,zea,4421
ar,yue,4
ar,zh,559795
ar,zh-classical,9227
ar,zh-min-nan,122912
ar,zh-yue,86019
ar,zu,6838
arz,ab,8433
arz,aa,33
arz,ace,2279
arz,ady,485
arz,af,52626
arz,am,6144
arz,ami,566
arz,als,11095
arz,alt,1097
arz,an,21434
arz,ak,168
arz,ang,4291
arz,ann,296
arz,anp,1188
arz,ar,598131
arz,arc,1571
arz,ary,15699
arz,as,7301
arz,ast,55109
arz,avk,9323
arz,atj,578
arz,awa,1239
arz,av,2908
arz,ay,2492
arz,az,72100
arz,azb,110202
arz,ba,18291
arz,bat-smg,5193
arz,bar,8719
arz,ban,6951
arz,bcl,7820
arz,bbc,483
arz,bdr,221
arz,be,65661
arz,be-x-old,31433
arz,be-tarask,107
arz,bew,1456
arz,bg,89434
arz,bh,8754
arz,bm,975
arz,bi,1496
arz,bjn,2618
arz,blk,1183
arz,bn,53032
arz,bo,3255
arz,br,33113
arz,bpy,5948
arz,bs,35202
arz,bxr,3371
arz,btm,884
arz,bug,1553
arz,ca,183048
arz,cbk-zam,1661
arz,cdo,8347
arz,ce,66459
arz,ceb,191353
arz,ch,671
arz,chr,1092
arz,chy,561
arz,cho,19
arz,ckb,41227
arz,co,5199
arz,crh,5316
arz,cs,134152
arz,cr,263
arz,cv,17789
arz,csb,2869
arz,cu,1302
arz,cy,58650
arz,da,94881
arz,dag,3891
arz,de,506877
arz,din,509
arz,diq,18765
arz,dsb,3900
arz,dty,2009
arz,dtp,1104
arz,dga,246
arz,ee,1245
arz,el,80410
arz,dz,481
arz,dv,2311
arz,eml,4688
arz,en,1104468
arz,eo,121508
arz,es,392533
arz,et,62322
arz,eu,127669
arz,ext,3146
arz,fa,378859
arz,fi,165043
arz,ff,2612
arz,fat,304
arz,fj,1414
arz,fiu-vro,3158
arz,fo,10617
arz,fon,356
arz,fr,521327
arz,frp,4113
arz,frr,9827
arz,fy,22877
arz,fur,2993
arz,ga,25979
arz,gan,5652
arz,gcr,1841
arz,gag,2205
arz,gd,7797
arz,gl,61791
arz,glk,20592
arz,gu,6170
arz,gn,4175
arz,guw,774
arz,got,1013
arz,gom,1295
arz,gor,1054
arz,gpe,999
arz,guc,223
arz,gur,267
arz,gsw,1
arz,gv,7398
arz,hak,6330
arz,ha,17660
arz,haw,2068
arz,he,96596
arz,hi,33036
arz,hif,5246
arz,hr,59490
arz,ho,12
arz,hsb,9109
arz,ht,26571
arz,hu,152637
arz,hy,88910
arz,hyw,6570
arz,ia,12195
arz,iba,933
arz,id,134339
arz,hz,13
arz,ik,809
arz,ie,7473
arz,ilo,9798
arz,ig,10736
arz,igl,172
arz,ii,11
arz,io,27780
arz,inh,2020
arz,is,26587
arz,it,412997
arz,iu,526
arz,ja,203398
arz,jv,19332
arz,jam,1420
arz,jbo,1219
arz,ka,56828
arz,kab,5205
arz,kaa,4753
arz,kbd,1602
arz,ki,994
arz,kge,1550
arz,kg,1202
arz,kbp,1706
arz,kcg,951
arz,kk,53467
arz,kj,13
arz,kn,10760
arz,km,3541
arz,kl,464
arz,knc,933
arz,ko,151878
arz,krc,2830
arz,ks,3713
arz,koi,1776
arz,kr,11
arz,ksh,2011
arz,ku,24174
arz,kv,3917
arz,kus,119
arz,kw,6018
arz,ky,17389
arz,la,55153
arz,lad,2861
arz,lb,24165
arz,lfn,2990
arz,li,6889
arz,lg,1118
arz,lez,2607
arz,lbe,991
arz,lij,6237
arz,lld,45290
arz,lmo,16903
arz,lo,3259
arz,ln,2616
arz,lt,53675
arz,lrc,3
arz,ltg,918
arz,lv,50193
arz,mai,6971
arz,mdf,5996
arz,map-bms,2752
arz,mad,1003
arz,mg,48099
arz,mhr,5152
arz,mi,2966
arz,min,9716
arz,mh,18
arz,mk,51426
arz,ml,31779
arz,mn,18827
arz,mr,28475
arz,mnw,978
arz,mni,1824
arz,mos,461
arz,mrj,5717
arz,ms,86117
arz,mt,6140
arz,my,16162
arz,mwl,3351
arz,mus,12
arz,myv,4744
arz,mzn,30138
arz,nap,4441
arz,nah,2969
arz,nds,14835
arz,na,121
arz,nds-nl,3683
arz,ne,12124
arz,new,10562
arz,nia,376
arz,nl,252304
arz,ng,43
arz,nn,60728
arz,no,167482
arz,nv,10459
arz,nrm,3520
arz,nr,83
arz,nov,1867
arz,nso,2325
arz,nqo,458
arz,oc,31498
arz,ny,1118
arz,olo,3166
arz,om,1111
arz,or,7799
arz,os,11302
arz,pa,20063
arz,pdc,1712
arz,pap,3295
arz,pam,6329
arz,pcd,3166
arz,pfl,1248
arz,pag,932
arz,pcm,497
arz,pi,1629
arz,pih,82
arz,pl,341903
arz,pms,11329
arz,pnb,28064
arz,pnt,714
arz,ps,9967
arz,pt,292004
arz,qu,12499
arz,rmy,837
arz,rm,1675
arz,rn,666
arz,pwn,161
arz,ro,134873
arz,roa-rup,1248
arz,roa-tara,1684
arz,rsk,374
arz,ru,345988
arz,rue,6363
arz,rw,2998
arz,sa,8004
arz,sc,5104
arz,sah,8422
arz,sat,5213
arz,scn,9479
arz,sco,23050
arz,sd,8399
arz,se,6246
arz,sg,545
arz,sh,89500
arz,shi,10072
arz,simple,103109
arz,si,9747
arz,shn,5342
arz,sk,61561
arz,skr,3715
arz,sl,54198
arz,sm,1104
arz,smn,6334
arz,so,4063
arz,sn,2277
arz,sq,31664
arz,sr,118925
arz,su,9245
arz,stq,2773
arz,st,925
arz,srn,697
arz,ss,846
arz,sv,301023
arz,sw,34602
arz,ta,38159
arz,szl,7961
arz,szy,1722
arz,syl,839
arz,tay,1402
arz,tcy,1084
arz,tdd,341
arz,te,20939
arz,tet,804
arz,tg,42696
arz,th,51231
arz,ti,877
arz,tk,5196
arz,tig,26
arz,tl,27894
arz,tly,5282
arz,tpi,1755
arz,to,861
arz,tr,156338
arz,tn,910
arz,ts,865
arz,trv,466
arz,tt,87988
arz,tyv,1533
arz,ty,914
arz,udm,3877
arz,tw,1446
arz,ug,3510
arz,tum,2298
arz,uk,270926
arz,ur,71729
arz,uz,76904
arz,vep,5383
arz,vec,16185
arz,ve,360
arz,vi,153229
arz,vls,4918
arz,vo,21103
arz,wa,4285
arz,war,63762
arz,wuu,23267
arz,wo,1668
arz,xmf,14625
arz,xh,1332
arz,xal,1415
arz,yi,7519
arz,yo,26862
arz,zea,3300
arz,za,2127
arz,zgh,10338
arz,zh,233464
arz,zh-min-nan,103255
arz,zh-classical,4559
arz,zh-yue,44108
arz,zu,4091
ceb,ace,6624
ceb,ady,436
ceb,ab,7075
ceb,aa,54
ceb,af,43457
ceb,am,5778
ceb,als,14530
ceb,alt,787
ceb,ami,421
ceb,an,26455
ceb,ak,210
ceb,ang,3679
ceb,ann,273
ceb,anp,949
ceb,ar,140126
ceb,ary,5975
ceb,arc,1367
ceb,arz,194478
ceb,as,3173
ceb,ast,55424
ceb,atj,915
ceb,avk,13502
ceb,av,2518
ceb,az,61909
ceb,ay,1986
ceb,awa,1040
ceb,azb,71587
ceb,ba,23787
ceb,ban,14870
ceb,bbc,546
ceb,bat-smg,4076
ceb,bar,13512
ceb,bcl,8110
ceb,be,52809
ceb,bdr,138
ceb,be-x-old,22448
ceb,be-tarask,3
ceb,bew,1680
ceb,bg,91274
ceb,bi,1176
ceb,bh,7964
ceb,bm,1326
ceb,bjn,3746
ceb,blk,1011
ceb,bn,22587
ceb,bo,2767
ceb,bpy,19102
ceb,br,43968
ceb,bs,22314
ceb,btm,712
ceb,bug,15688
ceb,bxr,2636
ceb,ca,182317
ceb,cbk-zam,3430
ceb,cdo,11633
ceb,ce,175825
ceb,ch,762
ceb,chr,1025
ceb,ckb,17444
ceb,chy,579
ceb,cho,28
ceb,co,5509
ceb,crh,9438
ceb,cr,366
ceb,cs,81431
ceb,cu,1202
ceb,csb,3774
ceb,cv,20464
ceb,cy,63330
ceb,da,48739
ceb,dag,2896
ceb,de,329132
ceb,dga,219
ceb,din,425
ceb,diq,21905
ceb,dz,532
ceb,dv,1952
ceb,dsb,3889
ceb,dty,1326
ceb,dtp,662
ceb,ee,1170
ceb,el,52399
ceb,eml,4676
ceb,en,797342
ceb,eo,121182
ceb,es,404345
ceb,et,52264
ceb,eu,227778
ceb,ext,2464
ceb,fa,212685
ceb,ff,1701
ceb,fi,83444
ceb,fat,146
ceb,fo,8067
ceb,fiu-vro,2739
ceb,fr,402586
ceb,fj,1426
ceb,fon,397
ceb,frr,15671
ceb,fy,17084
ceb,frp,4131
ceb,fur,3208
ceb,ga,19956
ceb,gag,2059
ceb,gd,8773
ceb,gan,6524
ceb,gcr,1760
ceb,gl,39685
ceb,glk,30757
ceb,gu,4374
ceb,gn,3914
ceb,gom,838
ceb,gpe,351
ceb,got,918
ceb,gor,6296
ceb,gv,5828
ceb,haw,2587
ceb,hak,6049
ceb,ha,6967
ceb,guc,266
ceb,guw,480
ceb,he,42390
ceb,gur,127
ceb,hi,20802
ceb,hif,4538
ceb,hr,42556
ceb,ho,15
ceb,hsb,12123
ceb,ht,25494
ceb,hu,157803
ceb,hy,67488
ceb,hyw,4159
ceb,ia,22087
ceb,hz,20
ceb,iba,720
ceb,id,214792
ceb,ie,10356
ceb,ig,2686
ceb,ik,976
ceb,ilo,13909
ceb,ii,19
ceb,igl,93
ceb,io,19066
ceb,is,20725
ceb,inh,1568
ceb,it,278995
ceb,iu,601
ceb,ja,90496
ceb,jam,1102
ceb,jv,32007
ceb,jbo,1142
ceb,ka,61204
ceb,kab,3667
ceb,kaa,5256
ceb,kbd,2401
ceb,kbp,1242
ceb,kg,1367
ceb,kcg,780
ceb,ki,1456
ceb,kge,1265
ceb,kk,90023
ceb,kj,19
ceb,kl,536
ceb,km,2556
ceb,ko,80170
ceb,kn,5806
ceb,knc,464
ceb,ks,1994
ceb,ksh,1704
ceb,ku,57452
ceb,krc,2041
ceb,koi,2346
ceb,kr,18
ceb,kw,5353
ceb,kv,3623
ceb,ky,24691
ceb,kus,39
ceb,la,72626
ceb,lad,3233
ceb,lb,20601
ceb,li,8256
ceb,lfn,1968
ceb,lez,2270
ceb,lbe,1005
ceb,lg,1656
ceb,lij,8265
ceb,lld,101969
ceb,lmo,46267
ceb,ln,2252
ceb,lo,2412
ceb,lt,43116
ceb,lrc,11
ceb,ltg,871
ceb,lv,31335
ceb,mai,5635
ceb,mad,980
ceb,mdf,7767
ceb,map-bms,10061
ceb,mg,50740
ceb,mi,3703
ceb,mhr,6624
ceb,min,166149
ceb,mh,28
ceb,mk,35778
ceb,ml,17576
ceb,mn,11817
ceb,mr,15244
ceb,mni,1286
ceb,mos,130
ceb,mnw,670
ceb,mo,8
ceb,mrj,8882
ceb,ms,165594
ceb,mwl,2716
ceb,my,11375
ceb,mt,3701
ceb,mus,16
ceb,myv,5251
ceb,mzn,25359
ceb,nah,3596
ceb,na,267
ceb,nap,11592
ceb,nan,1
ceb,nds,22484
ceb,nb,514
ceb,ne,9172
ceb,new,16714
ceb,nds-nl,4527
ceb,ng,57
ceb,nia,312
ceb,nl,1009252
ceb,nn,59656
ceb,no,111651
ceb,nso,3635
ceb,nov,2003
ceb,nv,20398
ceb,nrm,3706
ceb,nqo,389
ceb,nr,55
ceb,oc,60238
ceb,ny,1045
ceb,olo,3234
ceb,om,993
ceb,or,7869
ceb,pa,8148
ceb,os,16984
ceb,pcd,3564
ceb,pam,7967
ceb,pdc,1674
ceb,pap,2883
ceb,pfl,2443
ceb,pcm,267
ceb,pi,2864
ceb,pag,2808
ceb,pl,313696
ceb,pih,93
ceb,pms,52490
ceb,pnb,28168
ceb,ps,6043
ceb,pnt,735
ceb,pt,286063
ceb,rmy,797
ceb,qu,13689
ceb,rm,2966
ceb,rn,871
ceb,pwn,218
ceb,ro,181566
ceb,roa-rup,1200
ceb,roa-tara,9057
ceb,rsk,299
ceb,ru,247407
ceb,rw,2051
ceb,sa,8424
ceb,rue,6435
ceb,sah,7044
ceb,sco,22767
ceb,sc,4144
ceb,scn,14614
ceb,sat,3158
ceb,sd,6969
ceb,se,7674
ceb,sg,760
ceb,sh,166964
ceb,shi,786
ceb,si,6181
ceb,shn,6000
ceb,simple,78642
ceb,sk,80647
ceb,sl,35618
ceb,skr,646
ceb,so,2504
ceb,sm,1070
ceb,smn,6625
ceb,sn,2136
ceb,sq,31809
ceb,sr,185772
ceb,stq,3103
ceb,st,780
ceb,srn,813
ceb,ss,771
ceb,su,14930
ceb,sv,2320417
ceb,sw,35085
ceb,syl,429
ceb,szl,53440
ceb,ta,20394
ceb,szy,919
ceb,te,7448
ceb,tay,392
ceb,tcy,676
ceb,tdd,276
ceb,tg,23481
ceb,tet,784
ceb,th,31116
ceb,tl,28853
ceb,tk,4673
ceb,ti,656
ceb,tig,28
ceb,to,1192
ceb,tly,5974
ceb,tr,185448
ceb,tpi,1388
ceb,tn,730
ceb,ts,889
ceb,trv,359
ceb,tt,186340
ceb,tum,4589
ceb,ug,3056
ceb,udm,4362
ceb,tw,1143
ceb,ty,1381
ceb,tyv,688
ceb,uk,265796
ceb,ur,69564
ceb,uz,111163
ceb,ve,505
ceb,vec,60874
ceb,vep,5210
ceb,vi,810604
ceb,vls,4973
ceb,war,1354990
ceb,wa,3994
ceb,vo,21829
ceb,wuu,15253
ceb,wo,1471
ceb,xal,1457
ceb,yo,5077
ceb,xmf,10816
ceb,yi,4914
ceb,xh,1366
ceb,zh,318518
ceb,zgh,1312
ceb,za,1967
ceb,zea,5540
ceb,zh-classical,4064
ceb,zh-min-nan,181867
ceb,zh-yue,38138
ceb,zu,5940
de,ab,14958
de,aa,71
de,ace,3130
de,ady,555
de,af,79864
de,als,37941
de,ak,200
de,alt,877
de,am,8708
de,an,48669
de,ami,708
de,ang,6289
de,anp,1543
de,ann,376
de,ar,604686
de,ary,10604
de,arc,2277
de,arz,506885
de,as,8853
de,ast,105089
de,atj,886
de,awa,1579
de,avk,11766
de,ay,3158
de,av,3415
de,az,142222
de,azb,146830
de,ba,33848
de,ban,10592
de,bar,36060
de,bcl,13526
de,bat-smg,7590
de,bbc,525
de,bdr,194
de,be,168152
de,be-x-old,78155
de,be-tarask,11
de,bew,2682
de,bg,208933
de,bh,12412
de,bi,1680
de,bjn,3662
de,blk,1151
de,bm,1303
de,bn,99697
de,bo,5049
de,bpy,17548
de,br,77883
de,bs,84014
de,btm,993
de,bug,15732
de,ca,408230
de,bxr,3755
de,cbk-zam,3667
de,cdo,18504
de,ce,147526
de,ceb,324628
de,ch,724
de,chr,1441
de,chy,675
de,cho,41
de,ckb,62585
de,co,7408
de,cr,414
de,crh,11717
de,cs,396790
de,cv,34432
de,csb,4979
de,cu,1899
de,cy,119048
de,da,223868
de,dag,4106
de,din,586
de,diq,37565
de,dga,472
de,dty,1936
de,dsb,6431
de,ee,1423
de,dv,2723
de,dz,676
de,dtp,1196
de,el,187661
de,eml,8738
de,en,1735731
de,eo,294878
de,es,884169
de,et,154804
de,eu,304874
de,ext,3917
de,fa,596059
de,fi,368672
de,ff,3052
de,fat,300
de,fiu-vro,4708
de,fo,16391
de,fj,2026
de,fon,805
de,fr,1152404
de,frr,23391
de,frp,6702
de,fur,4859
de,fy,53328
de,ga,47953
de,gd,13328
de,gag,2973
de,gcr,2430
de,gan,12145
de,gl,144068
de,gn,5716
de,glk,14187
de,gv,12608
de,guc,376
de,got,1363
de,gu,7562
de,gom,1242
de,gpe,1140
de,guw,648
de,gor,1422
de,gur,233
de,gsw,1
de,ha,19279
de,hak,9957
de,haw,3178
de,he,235521
de,hi,66095
de,hif,6850
de,hr,127873
de,ho,22
de,hsb,19615
de,ht,28009
de,hu,366389
de,hy,182238
de,hyw,8336
de,ia,29404
de,hz,28
de,id,301898
de,iba,1189
de,ie,13483
de,ig,12042
de,ilo,15982
de,ik,1273
de,igl,151
de,ii,41
de,inh,2539
de,io,39933
de,is,52115
de,it,953962
de,iu,810
de,ja,506750
de,jv,37383
de,jbo,1606
de,jam,1886
de,ka,123641
de,kaa,7566
de,kbd,2728
de,kab,5323
de,kbp,1943
de,kge,2169
de,kg,1619
de,ki,1955
de,kcg,1430
de,kk,131080
de,kj,25
de,km,5351
de,kn,15284
de,kl,704
de,knc,1080
de,ko,406873
de,koi,2001
de,ksh,3671
de,krc,3808
de,ks,4015
de,kr,22
de,ku,76398
de,kw,8062
de,kus,101
de,kv,5517
de,ky,31784
de,la,142633
de,lad,5274
de,lb,66571
de,lfn,4889
de,lbe,1477
de,lez,3331
de,lg,1947
de,li,14585
de,lij,11563
de,lld,67840
de,lmo,64053
de,ln,3669
de,lo,4373
de,lt,127332
de,lrc,6
de,ltg,1340
de,lv,107144
de,mad,1274
de,mai,7042
de,mdf,9133
de,map-bms,4302
de,mg,65242
de,mhr,8873
de,mh,43
de,mi,3930
de,min,7926
de,mk,127122
de,ml,49035
de,mn,64744
de,mni,2362
de,mnw,732
de,mr,42995
de,mos,501
de,mo,20
de,mrj,9072
de,ms,193790
de,mt,8568
de,mus,19
de,mwl,5678
de,my,25612
de,myv,6273
de,mzn,31640
de,nap,13916
de,nah,4963
de,na,374
de,nan,4
de,nds,83725
de,nb,13
de,nds-nl,7430
de,ne,16269
de,new,14322
de,nia,481
de,ng,78
de,nl,701533
de,nn,136967
de,no,391724
de,nov,2597
de,nrm,5135
de,nqo,712
de,nso,4352
de,nr,102
de,nv,12222
de,oc,91209
de,ny,1306
de,om,1806
de,or,12686
de,olo,3592
de,os,21980
de,pa,25614
de,pam,10523
de,pap,4484
de,pag,2757
de,pcd,4950
de,pdc,2493
de,pfl,3391
de,pi,2910
de,pih,124
de,pcm,523
de,pl,806791
de,pms,58406
de,pnb,45657
de,ps,14434
de,pnt,840
de,pt,663438
de,qu,23274
de,pwn,289
de,rm,4725
de,rmy,1088
de,rn,815
de,ro,311033
de,roa-rup,1682
de,roa-tara,10003
de,rsk,508
de,ru,883056
de,rue,10877
de,rw,3581
de,sa,14111
de,sah,12980
de,sat,5714
de,sc,7657
de,scn,23007
de,sco,46751
de,sd,13143
de,se,10659
de,sg,706
de,sh,201674
de,shi,1188
de,shn,9780
de,si,15348
de,simple,215085
de,sk,216515
de,skr,3355
de,sl,138585
de,sm,1333
de,smn,13581
de,so,6036
de,sn,3440
de,sq,75294
de,sr,265669
de,su,13978
de,srn,1106
de,stq,4711
de,st,1153
de,ss,1188
de,sv,663358
de,sw,55803
de,syl,742
de,szy,1816
de,szl,17538
de,ta,62931
de,tay,1146
de,tcy,1058
de,tdd,255
de,te,21966
de,tg,49291
de,tet,1739
de,th,125017
de,tk,7798
de,ti,783
de,tig,28
de,tl,54329
de,tly,7992
de,to,1248
de,tn,1129
de,tpi,1993
de,tr,339081
de,trv,591
de,ts,1074
de,tt,165952
de,tum,5394
de,tw,1863
de,ug,5181
de,tyv,1835
de,udm,4861
de,ty,1495
de,uk,638323
de,ur,177331
de,uz,165050
de,vec,69898
de,ve,630
de,vep,8983
de,vi,338285
de,vls,8992
de,vo,33753
de,wa,7609
de,war,168940
de,wuu,39720
de,wo,2233
de,xh,2158
de,xmf,21716
de,xal,2060
de,yi,11857
de,yo,21658
de,za,2994
de,zgh,1806
de,zea,6672
de,zh,621142
de,yue,1
de,zh-classical,9417
de,zh-min-nan,170091
de,zh-cn,4
de,zh-tw,4
de,zh-yue,96115
de,zu,7066
en,ab,20713
en,aa,86
en,ace,3936
en,ady,619
en,af,158087
en,ak,255
en,als,30512
en,am,10127
en,alt,1252
en,ami,774
en,an,57562
en,ang,7713
en,anp,1829
en,ann,400
en,ar,1908039
en,arc,2607
en,ary,17499
en,arz,1122308
en,as,21508
en,ast,131627
en,atj,1226
en,av,5306
en,awa,2333
en,avk,16181
en,ay,3489
en,az,259169
en,azb,362087
en,ba,50384
en,ban,16514
en,bar,27180
en,bat-smg,9357
en,bcl,19770
en,bbc,784
en,be,213726
en,bdr,404
en,be-x-old,116311
en,be-tarask,41
en,bew,3422
en,bg,292402
en,bh,23659
en,bi,1929
en,bm,1551
en,bjn,4915
en,bn,404754
en,blk,2788
en,bo,5684
en,bpy,27455
en,br,92121
en,bs,127228
en,btm,1104
en,bug,15941
en,bxr,5074
en,ca,584526
en,cbk-zam,4250
en,cdo,21256
en,ce,274228
en,ceb,796740
en,ch,916
en,cho,48
en,chr,1637
en,chy,754
en,ckb,116707
en,crh,22987
en,co,8489
en,cr,471
en,cs,510074
en,csb,5700
en,cu,2094
en,cv,50176
en,cy,250788
en,da,286038
en,dag,8485
en,de,1773958
en,dga,1578
en,diq,37450
en,din,715
en,dsb,6350
en,dtp,3048
en,dty,3637
en,dv,3810
en,dz,872
en,ee,1944
en,el,266750
en,eml,10765
en,eo,372914
en,es,1689139
en,et,188757
en,eu,453041
en,fa,1574353
en,ext,4348
en,fi,496784
en,ff,11199
en,fat,1049
en,fj,2588
en,fo,19530
en,fiu-vro,5856
en,fon,961
en,fr,2040467
en,frp,7116
en,frr,21954
en,fur,5088
en,fy,77077
en,ga,69447
en,gan,13905
en,gag,3366
en,gcr,2474
en,gl,199076
en,gd,16254
en,glk,40898
en,gn,6521
en,got,1463
en,gom,2128
en,gor,2217
en,gpe,3518
en,gu,14816
en,guw,1753
en,gur,802
en,guc,417
en,gv,20994
en,gsw,1
en,ha,55130
en,hak,11728
en,haw,3545
en,he,347811
en,hi,145061
en,hif,9824
en,hr,182505
en,ho,26
en,hsb,17235
en,ht,51726
en,hu,481801
en,hy,327571
en,hyw,10673
en,ia,32741
en,hz,33
en,iba,1871
en,id,580537
en,ie,13977
en,ig,47892
en,ik,1392
en,igl,590
en,ii,48
en,ilo,31775
en,inh,3208
en,io,56815
en,is,62218
en,it,1526313
en,ja,906772
en,iu,884
en,jam,2081
en,jv,56138
en,jbo,1729
en,ka,194414
en,kaa,9154
en,kab,8363
en,kbp,2047
en,kcg,1959
en,kge,2897
en,kg,1816
en,kk,150394
en,kbd,2388
en,ki,2300
en,kj,28
en,km,9552
en,kl,776
en,kn,29282
en,knc,1426
en,ko,793209
en,koi,3157
en,krc,4120
en,kr,30
en,ksh,3289
en,ku,108908
en,ks,6402
en,kw,9898
en,kv,6214
en,kus,551
en,ky,43939
en,la,163705
en,lad,6424
en,lb,70568
en,lbe,1733
en,lez,4643
en,lg,3572
en,lfn,5583
en,li,15343
en,lij,12051
en,lld,116353
en,lmo,69837
en,ln,4397
en,lo,6184
en,lt,158535
en,lrc,6
en,ltg,1648
en,lv,128204
en,mad,1815
en,mai,14698
en,lzh,5
en,map-bms,5862
en,mdf,10404
en,mg,87720
en,mi,5724
en,mhr,10231
en,mh,47
en,min,44405
en,mk,181962
en,ml,108272
en,mn,63255
en,mni,5078
en,mos,1140
en,mnw,1907
en,mr,75988
en,mo,40
en,mrj,10635
en,ms,348267
en,mt,10722
en,mwl,6943
en,my,48305
en,mus,28
en,myv,8226
en,mzn,56133
en,nah,5485
en,na,456
en,nap,14550
en,nan,9
en,nds,51791
en,nb,23
en,nds-nl,8061
en,ne,35390
en,new,28181
en,nia,596
en,nl,1135989
en,ng,87
en,nn,205434
en,no,612823
en,nov,2807
en,nrm,5379
en,nso,6725
en,nv,22524
en,nqo,1122
en,nr,136
en,ny,1796
en,oc,97534
en,or,23597
en,om,2086
en,olo,3821
en,os,24687
en,pa,60001
en,pap,5294
en,pam,12681
en,pag,3211
en,pfl,3157
en,pcd,5328
en,pdc,2790
en,pih,142
en,pcm,1601
en,pi,3507
en,pl,1213326
en,pms,66082
en,pnb,68549
en,pnt,899
en,ps,20748
en,pt,1184007
en,qu,25132
en,pwn,381
en,rm,4553
en,rmy,1236
en,rn,1213
en,ro,464894
en,roa-rup,1895
en,roa-tara,10225
en,rsk,640
en,ru,1500219
en,rue,12094
en,sa,17777
en,rw,6007
en,sah,15213
en,sat,14628
en,sc,8541
en,scn,24480
en,sco,82240
en,sd,24414
en,se,11754
en,sg,828
en,sh,296577
en,shn,15316
en,shi,1561
en,si,34538
en,simple,355043
en,sk,243999
en,skr,7672
en,sl,205580
en,sm,1534
en,smn,19236
en,so,8026
en,sn,4097
en,sq,97873
en,sr,528636
en,su,19094
en,srn,1316
en,st,1850
en,ss,1531
en,stq,4755
en,sv,1202820
en,sw,85386
en,szl,22903
en,syl,1439
en,szy,2401
en,ta,153468
en,tcy,2104
en,tdd,562
en,tay,1694
en,te,74979
en,tet,1303
en,tg,96823
en,th,234479
en,ti,1236
en,tk,9380
en,tl,80848
en,tig,38
en,to,1441
en,tly,10185
en,tn,2149
en,tpi,2436
en,tr,657547
en,trv,664
en,ts,1330
en,tt,286260
en,tyv,2243
en,udm,5803
en,tw,3806
en,tum,6344
en,ty,1568
en,ug,5954
en,uk,1112538
en,ur,679028
en,uz,257396
en,ve,827
en,vec,72237
en,vep,10693
en,vi,888745
en,vls,9794
en,vo,40174
en,wa,8488
en,war,389155
en,wo,2577
en,wuu,48068
en,xmf,24419
en,xal,2193
en,xh,2893
en,yi,14951
en,yo,38121
en,zea,7278
en,za,3458
en,yue,8
en,zgh,2339
en,zh,1292243
en,zh-classical,15228
en,zh-cn,24
en,zh-min-nan,379292
en,zh-tw,29
en,zh-yue,136829
en,zu,12610
es,ab,17197
es,aa,52
es,ace,3236
es,ady,581
es,af,77368
es,als,25795
es,ak,193
es,ami,696
es,am,8994
es,alt,925
es,an,58337
es,anp,1603
es,ann,386
es,ang,6593
es,ar,673177
es,arc,2168
es,ary,13656
es,arz,394597
es,as,10259
es,ast,145473
es,atj,1018
es,avk,14816
es,av,3661
es,az,159081
es,awa,1509
es,ay,3578
es,azb,156891
es,ba,34861
es,ban,10577
es,bar,22566
es,bat-smg,7165
es,bbc,570
es,bcl,14180
es,bdr,242
es,be,155711
es,be-x-old,83257
es,be-tarask,7
es,bew,2421
es,bg,223656
es,bh,13714
es,blk,1460
es,bm,1358
es,bjn,3842
es,bi,1723
es,bn,119534
es,bo,5009
es,bpy,20716
es,br,79467
es,bs,84465
es,bxr,4233
es,btm,1022
es,bug,15702
es,ca,527457
es,cdo,19525
es,cbk-zam,3556
es,ce,153826
es,ceb,402333
es,ch,850
es,chr,1466
es,chy,682
es,ckb,71204
es,cho,27
es,co,7495
es,crh,10140
es,cr,362
es,cs,360542
es,csb,4105
es,cu,1898
es,cv,35974
es,cy,138919
es,da,200581
es,dag,4596
es,de,890608
es,din,622
es,diq,30464
es,dga,437
es,dsb,5429
es,dty,2061
es,ee,1373
es,dtp,1320
es,dz,697
es,dv,3077
es,el,196469
es,eml,8639
es,en,1665622
es,eo,286739
es,et,141078
es,eu,414471
es,fa,662412
es,ext,4437
es,fi,339389
es,ff,2809
es,fat,294
es,fiu-vro,5191
es,fo,16130
es,fon,529
es,fj,2215
es,fr,1074941
es,frp,6509
es,frr,20385
es,fur,4774
es,fy,57241
es,ga,49628
es,gag,2415
es,gan,12486
es,gcr,2448
es,gl,193735
es,gd,12561
es,glk,33613
es,gn,6586
es,gv,15672
es,gu,8208
es,gom,1340
es,got,1332
es,guw,796
es,gor,1457
es,gpe,1182
es,guc,441
es,gur,240
es,ha,20335
es,haw,3321
es,hak,9835
es,he,239544
es,hi,70591
es,hif,7244
es,hr,131537
es,ho,13
es,hsb,14439
es,ht,42925
es,hu,358350
es,hy,213845
es,ia,30619
es,hyw,8619
es,hz,16
es,iba,1266
es,id,348108
es,ie,13119
es,ig,12261
es,ilo,20067
es,ik,1180
es,igl,232
es,ii,31
es,inh,2828
es,io,43419
es,is,51778
es,it,910472
es,ja,507462
es,iu,790
es,jv,38320
es,jam,1959
es,jbo,1621
es,ka,141827
es,kab,7099
es,kaa,7696
es,kk,125389
es,kge,2221
es,kg,1598
es,kbd,2846
es,kbp,1964
es,ki,1794
es,kcg,1507
es,kj,16
es,kn,16065
es,kl,666
es,km,6586
es,knc,1078
es,ko,449080
es,ks,4308
es,koi,2399
es,krc,3892
es,ksh,2832
es,ku,79434
es,kr,12
es,kv,5708
es,kw,8171
es,kus,98
es,ky,34968
es,la,141440
es,lad,5376
es,lb,58889
es,li,13282
es,lbe,1428
es,lez,3420
es,lg,1924
es,lfn,5215
es,lij,11188
es,lld,81270
es,lmo,61766
es,lt,118812
es,ln,3678
es,lo,4999
es,lrc,5
es,lv,103215
es,ltg,1274
es,mad,1297
es,mai,7389
es,map-bms,4289
es,mdf,9369
es,mg,68118
es,mhr,8843
es,mh,29
es,min,20809
es,mi,3818
es,mk,124079
es,ml,53919
es,mn,49816
es,mni,2703
es,mr,40513
es,mnw,1076
es,mos,436
es,mo,11
es,mrj,9230
es,ms,216089
es,mt,8860
es,mwl,6387
es,my,28738
es,mus,12
es,myv,6299
es,mzn,42870
es,nap,13909
es,nah,5133
es,nds,34583
es,na,220
es,nan,2
es,nb,2
es,nds-nl,6529
es,ne,18091
es,new,18347
es,nia,505
es,ng,59
es,nl,700779
es,nn,129835
es,no,365782
es,nov,2356
es,nqo,927
es,nr,101
es,nrm,5009
es,nso,3791
es,nv,18021
es,oc,92906
es,ny,1372
es,olo,3597
es,om,1825
es,or,14136
es,os,22426
es,pa,27424
es,pag,2623
es,pam,10667
es,pap,4701
es,pcd,4863
es,pdc,2356
es,pfl,2872
es,pi,3245
es,pcm,673
es,pl,714937
es,pih,114
es,pms,59479
es,pnb,45583
es,ps,15114
es,pnt,824
es,pt,806486
es,qu,25364
es,pwn,260
es,rm,3971
es,rn,841
es,ro,307735
es,rmy,1093
es,roa-rup,1644
es,roa-tara,9936
es,rsk,546
es,ru,820333
es,rue,10972
es,sa,14467
es,rw,3335
es,sah,12993
es,sat,5721
es,scn,22869
es,sc,7823
es,sco,56149
es,sd,14805
es,se,10408
es,sg,730
es,sh,219403
es,shi,1376
es,shn,10088
es,si,17353
es,simple,229444
es,sk,197766
es,skr,3531
es,sl,139481
es,smn,15312
es,sm,1353
es,sn,3456
es,so,6474
es,sq,75167
es,sr,293422
es,srn,1237
es,stq,4381
es,su,14520
es,st,1054
es,ss,1065
es,sv,707408
es,sw,52081
es,szl,14625
es,szy,2103
es,syl,1013
es,ta,66182
es,tdd,346
es,tcy,1149
es,tay,1399
es,te,22412
es,tet,1025
es,tg,55588
es,th,142010
es,tk,7887
es,tl,59289
es,ti,1189
es,tig,31
es,to,1187
es,tly,7683
es,tn,1126
es,tpi,2027
es,tr,369957
es,trv,558
es,ts,1116
es,tt,173616
es,tum,5420
es,ug,5075
es,ty,1538
es,tyv,1823
es,udm,5091
es,tw,1675
es,uk,643781
es,ur,234965
es,uz,165931
es,vec,69501
es,ve,526
es,vep,9547
es,vi,493025
es,vls,8582
es,vo,30869
es,wa,7266
es,war,260169
es,wo,2161
es,wuu,40465
es,xmf,22335
es,xh,2152
es,xal,1981
es,yi,11450
es,yo,24275
es,za,3093
es,zea,6218
es,zh,680887
es,zgh,1996
es,zh-classical,9648
es,zh-min-nan,185337
es,zh-cn,3
es,zh-tw,2
es,zh-yue,99755
es,zu,7003
fr,ab,16389
fr,aa,81
fr,ace,3401
fr,af,83785
fr,ady,566
fr,als,29878
fr,ak,264
fr,alt,1518
fr,am,9575
fr,an,53800
fr,ami,698
fr,ang,6910
fr,anp,1630
fr,ann,384
fr,ar,785943
fr,arc,2423
fr,ary,16953
fr,arz,537617
fr,as,11031
fr,ast,114839
fr,avk,13412
fr,av,3940
fr,atj,1308
fr,az,170087
fr,ay,3254
fr,awa,1764
fr,azb,173437
fr,ba,37346
fr,ban,11626
fr,bar,25113
fr,bcl,14676
fr,bbc,596
fr,bat-smg,7574
fr,bdr,232
fr,be,183553
fr,be-x-old,87579
fr,be-tarask,10
fr,bew,2743
fr,bg,237066
fr,bh,14483
fr,blk,1536
fr,bi,1787
fr,bjn,4058
fr,bm,1477
fr,bn,125025
fr,bo,5379
fr,bpy,20805
fr,br,89669
fr,bs,102090
fr,bug,15822
fr,bxr,4446
fr,btm,1052
fr,ca,482109
fr,cdo,19607
fr,cbk-zam,3884
fr,ce,207706
fr,ceb,406130
fr,chy,721
fr,ckb,74578
fr,cho,48
fr,chr,1533
fr,ch,845
fr,co,8347
fr,crh,11897
fr,cr,484
fr,cs,414458
fr,cv,38505
fr,csb,5217
fr,cu,2030
fr,cy,166141
fr,da,226447
fr,de,1228748
fr,dag,4827
fr,diq,38055
fr,din,656
fr,dga,493
fr,dsb,6135
fr,dty,2369
fr,dtp,1484
fr,dv,3150
fr,ee,1706
fr,dz,720
fr,el,217580
fr,eml,9642
fr,en,2127551
fr,eo,339642
fr,es,1135013
fr,et,155647
fr,eu,382552
fr,ext,4134
fr,fa,760677
fr,fi,399786
fr,ff,3786
fr,fat,429
fr,fiu-vro,4747
fr,fj,2271
fr,fo,16763
fr,fon,1421
fr,frr,21897
fr,frp,8302
fr,fur,4946
fr,fy,61473
fr,ga,53639
fr,gag,3041
fr,gan,12658
fr,gd,13874
fr,gcr,2472
fr,gl,172865
fr,glk,29560
fr,gn,6113
fr,gu,8640
fr,got,1401
fr,gv,14957
fr,guc,399
fr,guw,918
fr,gom,1390
fr,gpe,1644
fr,gor,1711
fr,gur,327
fr,ha,26300
fr,hak,10582
fr,haw,3333
fr,he,262684
fr,hi,71845
fr,hif,7487
fr,ho,28
fr,hr,147227
fr,hsb,16358
fr,ht,47848
fr,hu,405624
fr,hy,224095
fr,hyw,9506
fr,ia,30950
fr,hz,35
fr,id,361966
fr,iba,1359
fr,ie,13478
fr,ilo,20673
fr,ik,1313
fr,ig,16816
fr,igl,236
fr,ii,43
fr,inh,2852
fr,io,51419
fr,is,54173
fr,it,1135185
fr,iu,845
fr,ja,606547
fr,jam,1959
fr,jv,40850
fr,jbo,1645
fr,ka,144827
fr,kaa,7903
fr,kbp,2050
fr,kg,1955
fr,kbd,3130
fr,kab,8033
fr,ki,1999
fr,kge,2412
fr,kcg,1568
fr,kk,134885
fr,kj,30
fr,kl,717
fr,km,6846
fr,kn,16633
fr,knc,1157
fr,ko,495758
fr,koi,2366
fr,ku,81288
fr,ks,4410
fr,ksh,3199
fr,krc,4448
fr,kr,24
fr,kw,8995
fr,kv,6257
fr,ky,35921
fr,kus,119
fr,la,149953
fr,lad,5683
fr,lb,70963
fr,lbe,1632
fr,lg,2089
fr,lez,3625
fr,lfn,5168
fr,li,14961
fr,lij,11952
fr,lld,90467
fr,lmo,67093
fr,lt,129819
fr,ln,5000
fr,lo,5157
fr,lrc,5
fr,ltg,1421
fr,lv,111736
fr,map-bms,4656
fr,mai,9223
fr,mad,1406
fr,lzh,2
fr,mdf,9652
fr,mg,78258
fr,min,13102
fr,mhr,9402
fr,mh,46
fr,mi,4586
fr,mk,140748
fr,ml,57780
fr,mn,51398
fr,mni,2907
fr,mr,42328
fr,mnw,1165
fr,mos,672
fr,mo,15
fr,mrj,9887
fr,ms,226136
fr,mt,9239
fr,mwl,6309
fr,my,31545
fr,mus,26
fr,myv,6754
fr,mzn,41163
fr,nah,5176
fr,nap,14114
fr,na,374
fr,nan,2
fr,nds,44085
fr,nb,5
fr,nds-nl,7759
fr,ne,20689
fr,new,18432
fr,nia,513
fr,nl,809012
fr,ng,78
fr,nn,137401
fr,no,416015
fr,nov,2521
fr,nrm,5461
fr,nqo,1147
fr,nr,107
fr,nso,4440
fr,nv,19393
fr,ny,1465
fr,oc,100410
fr,or,14049
fr,olo,3806
fr,om,1942
fr,os,24240
fr,pa,28473
fr,pam,11318
fr,pap,4683
fr,pag,2938
fr,pcd,5810
fr,pdc,2526
fr,pfl,3042
fr,pi,2988
fr,pcm,727
fr,pl,917734
fr,pih,112
fr,pms,61411
fr,pnb,48978
fr,ps,15994
fr,pnt,867
fr,pt,857497
fr,qu,21017
fr,pwn,271
fr,rmy,1123
fr,rn,905
fr,rm,4395
fr,ro,367159
fr,roa-rup,1748
fr,roa-tara,10444
fr,rsk,550
fr,ru,1002791
fr,rue,11587
fr,rw,4187
fr,sa,14838
fr,sah,13812
fr,sc,8149
fr,sat,6333
fr,scn,23949
fr,sco,55975
fr,sd,15263
fr,se,11080
fr,sg,749
fr,sh,243232
fr,shi,1520
fr,shn,12923
fr,si,18384
fr,simple,249209
fr,sk,222546
fr,sl,158082
fr,skr,3875
fr,sm,1390
fr,smn,16701
fr,so,6746
fr,sn,3604
fr,sq,82718
fr,sr,321213
fr,stq,4542
fr,st,1239
fr,srn,1231
fr,ss,1225
fr,su,15449
fr,sv,770924
fr,sw,60347
fr,syl,1088
fr,szl,18734
fr,szy,2036
fr,ta,69488
fr,tdd,344
fr,tcy,1192
fr,tay,1327
fr,te,24042
fr,tg,53158
fr,tet,1107
fr,th,145870
fr,tk,8191
fr,ti,1121
fr,tl,60475
fr,tig,31
fr,tn,1446
fr,tpi,2188
fr,tly,8302
fr,to,1233
fr,tr,409185
fr,trv,572
fr,ts,1160
fr,tt,225776
fr,tum,5530
fr,udm,5613
fr,ug,5394
fr,tyv,1966
fr,tw,1933
fr,ty,1570
fr,uk,775324
fr,ur,243673
fr,uz,183439
fr,ve,596
fr,vec,71311
fr,vep,10549
fr,vi,459532
fr,vls,9876
fr,vo,34975
fr,wa,9233
fr,war,231905
fr,wo,2431
fr,wuu,42154
fr,xal,2122
fr,xh,2352
fr,xmf,23184
fr,yi,12522
fr,yo,32265
fr,zea,7058
fr,zgh,2174
fr,za,3259
fr,zh,738407
fr,yue,1
fr,zh-classical,10691
fr,zh-min-nan,245931
fr,zh-cn,2
fr,zh-tw,2
fr,zh-yue,104468
fr,zu,9168
it,ace,3109
it,ady,562
it,ab,12964
it,aa,53
it,af,73886
it,als,27055
it,ak,221
it,ami,683
it,am,8628
it,alt,1611
it,an,47289
it,ang,6123
it,anp,1540
it,ann,374
it,ar,580979
it,arc,2211
it,ary,12102
it,arz,422708
it,as,8450
it,ast,98579
it,av,3635
it,avk,12483
it,atj,939
it,az,137792
it,ay,3141
it,awa,1546
it,azb,149026
it,ba,31255
it,ban,9625
it,bar,23265
it,bat-smg,7181
it,bcl,13147
it,be,149158
it,bdr,191
it,bbc,550
it,be-x-old,74334
it,be-tarask,6
it,bew,2673
it,bg,201869
it,bjn,3576
it,blk,1196
it,bh,10388
it,bm,1249
it,bi,1690
it,bn,92542
it,bo,4858
it,bpy,23007
it,br,74774
it,bs,71924
it,btm,1002
it,bug,15710
it,bxr,4131
it,ca,418061
it,cdo,16319
it,cbk-zam,3719
it,ce,165486
it,ceb,279996
it,chr,1415
it,chy,652
it,ch,793
it,ckb,63003
it,cho,28
it,co,7528
it,crh,13405
it,cr,397
it,cs,359011
it,cv,33790
it,cu,1876
it,csb,4104
it,cy,130867
it,da,203130
it,dag,3833
it,de,986894
it,diq,30794
it,din,567
it,dga,309
it,dsb,5216
it,dty,1932
it,dtp,1111
it,dv,2665
it,el,191983
it,dz,653
it,ee,1258
it,eml,11196
it,en,1535246
it,eo,280791
it,es,936407
it,et,134905
it,eu,323264
it,ext,3981
it,fa,607444
it,ff,2389
it,fi,348744
it,fat,204
it,fiu-vro,4344
it,fo,15248
it,fj,2070
it,fon,735
it,fr,1102707
it,frr,20694
it,frp,6513
it,fur,5359
it,fy,50960
it,ga,46560
it,gan,9899
it,gag,2780
it,gd,12447
it,gcr,2428
it,gl,150993
it,glk,30568
it,gom,1250
it,gn,5743
it,gu,7296
it,gpe,940
it,gor,1304
it,got,1339
it,gv,11674
it,guw,648
it,guc,366
it,gur,185
it,ha,18014
it,hak,9524
it,haw,3218
it,he,226074
it,hi,62922
it,hif,6912
it,hr,125328
it,ho,12
it,hsb,13390
it,ht,42967
it,hu,370066
it,hy,183512
it,hyw,8503
it,ia,29824
it,hz,18
it,iba,1164
it,id,299411
it,ie,13157
it,ig,9164
it,ilo,14383
it,inh,2419
it,ik,1248
it,igl,130
it,ii,29
it,io,41867
it,is,46342
it,iu,773
it,ja,490941
it,jam,1904
it,jv,35003
it,jbo,1433
it,ka,131667
it,ki,1901
it,kaa,8316
it,kbp,1945
it,kab,6967
it,kcg,1403
it,kg,1576
it,kge,2061
it,kbd,2498
it,kk,121301
it,kj,14
it,km,5399
it,kn,14002
it,kl,687
it,knc,1046
it,ko,407868
it,koi,2143
it,ks,4028
it,krc,4518
it,ksh,2820
it,kr,12
it,ku,72266
it,kw,7633
it,kv,5395
it,ky,34600
it,kus,78
it,la,140128
it,lad,5237
it,lb,59492
it,lfn,4955
it,lez,3946
it,lbe,1487
it,lg,1898
it,lij,13938
it,li,13499
it,lld,83230
it,lmo,77177
it,ln,3523
it,lo,4455
it,lt,117841
it,lrc,3
it,ltg,1285
it,lv,101671
it,mad,1178
it,mai,6787
it,map-bms,3992
it,mg,74980
it,mdf,8327
it,mh,26
it,mhr,8865
it,mi,3652
it,min,8810
it,mk,117476
it,ml,47217
it,mn,42721
it,mr,36820
it,mni,3698
it,mos,461
it,mnw,791
it,mo,13
it,mrj,8930
it,ms,205787
it,mt,8163
it,mwl,5732
it,mus,12
it,my,23961
it,myv,7098
it,mzn,37104
it,na,357
it,nah,4876
it,nap,15031
it,nds,39735
it,nan,2
it,nb,3
it,nds-nl,6671
it,ne,15779
it,new,17782
it,nia,466
it,nl,650702
it,ng,60
it,nn,121128
it,no,353657
it,nov,2610
it,nrm,5049
it,nqo,919
it,nr,98
it,nv,10997
it,ny,1310
it,nso,5387
it,oc,89744
it,om,1779
it,olo,3558
it,or,10750
it,os,20432
it,pa,23571
it,pag,2839
it,pam,10325
it,pi,2973
it,pcd,4965
it,pap,4337
it,pdc,2372
it,pfl,2871
it,pcm,476
it,pl,757646
it,pih,99
it,pms,58253
it,pnb,43275
it,ps,14546
it,pnt,843
it,pt,711958
it,pwn,247
it,qu,19684
it,rmy,1066
it,rm,4399
it,rn,820
it,ro,327459
it,roa-tara,10888
it,rsk,504
it,roa-rup,1638
it,ru,824086
it,rue,10124
it,rw,3305
it,sa,11723
it,sah,12016
it,sc,8988
it,sat,5313
it,scn,24655
it,sco,48115
it,sd,12623
it,se,10494
it,sg,655
it,sh,215227
it,shn,7478
it,shi,1256
it,si,14836
it,simple,217292
it,sk,200624
it,skr,3309
it,sl,130548
it,sm,1349
it,sn,3265
it,so,6223
it,smn,12045
it,sq,72311
it,sr,282155
it,su,13691
it,stq,4365
it,st,1080
it,srn,1116
it,ss,1098
it,sv,597200
it,sw,55893
it,syl,729
it,szl,14476
it,szy,2044
it,ta,56213
it,tcy,1003
it,te,18569
it,tay,1459
it,tdd,274
it,tet,1036
it,tg,50576
it,th,125917
it,tk,7660
it,ti,821
it,tig,30
it,tl,56312
it,tly,8484
it,tr,339435
it,tn,1208
it,tpi,2006
it,to,1025
it,ts,1072
it,trv,563
it,tt,180465
it,tum,5377
it,tyv,2331
it,tw,1509
it,udm,4982
it,ty,1444
it,ug,4989
it,uk,628355
it,ur,166706
it,uz,169350
it,vec,74831
it,ve,576
it,vep,9713
it,vi,354341
it,vls,8478
it,vo,32102
it,wa,7248
it,war,159153
it,wuu,39037
it,wo,2172
it,xh,2196
it,xmf,21732
it,xal,2059
it,yi,11358
it,yo,30016
it,za,3042
it,zgh,1995
it,zea,6349
it,yue,2
it,zh,602764
it,zh-classical,8892
it,zh-min-nan,193593
it,zh-cn,2
it,zh-tw,1
it,zh-yue,91944
it,zu,7998
ja,ace,3205
ja,ab,17190
ja,aa,70
ja,ady,538
ja,af,62387
ja,als,18252
ja,am,8426
ja,alt,978
ja,ak,252
ja,ami,758
ja,an,35651
ja,ang,5818
ja,ann,372
ja,anp,1611
ja,ar,431108
ja,arc,2208
ja,ary,12307
ja,arz,203343
ja,as,10019
ja,ast,70812
ja,ay,2794
ja,az,122587
ja,avk,6492
ja,awa,1409
ja,atj,623
ja,av,4074
ja,azb,103040
ja,ba,29453
ja,ban,11410
ja,bar,19557
ja,bat-smg,6746
ja,bcl,11767
ja,bbc,608
ja,be,126680
ja,bdr,282
ja,be-x-old,71008
ja,be-tarask,5
ja,bew,2561
ja,bg,160919
ja,bh,14306
ja,blk,1870
ja,bjn,3948
ja,bi,1738
ja,bm,1118
ja,bn,106283
ja,bo,5058
ja,bpy,14791
ja,br,57483
ja,bs,72515
ja,btm,1037
ja,bug,1634
ja,bxr,4433
ja,ca,229504
ja,cbk-zam,2041
ja,cdo,21077
ja,ce,40633
ja,ceb,88985
ja,chr,1491
ja,ckb,63043
ja,chy,686
ja,ch,672
ja,cho,40
ja,crh,7555
ja,co,6055
ja,cr,393
ja,cs,255220
ja,cu,1819
ja,cv,29219
ja,csb,3644
ja,cy,86127
ja,da,159539
ja,dag,3142
ja,de,507200
ja,din,607
ja,dga,214
ja,diq,16294
ja,dv,3086
ja,dty,2127
ja,dsb,5224
ja,ee,1229
ja,dtp,1545
ja,dz,674
ja,el,141394
ja,eml,8506
ja,en,891086
ja,eo,179981
ja,es,504349
ja,et,109798
ja,eu,178177
ja,ext,3454
ja,fa,434308
ja,fi,251742
ja,ff,1513
ja,fat,233
ja,fo,15278
ja,fiu-vro,4269
ja,fj,2246
ja,fon,392
ja,fr,568433
ja,frp,5144
ja,frr,17657
ja,fur,4103
ja,fy,47091
ja,ga,40073
ja,gan,13301
ja,gag,2459
ja,gcr,2418
ja,gl,120826
ja,gd,10862
ja,glk,6629
ja,gn,5323
ja,gu,7814
ja,gom,1430
ja,got,1233
ja,gor,1489
ja,gpe,731
ja,gv,13910
ja,guc,362
ja,ha,12250
ja,guw,749
ja,gur,204
ja,haw,2096
ja,hak,10779
ja,he,186619
ja,hi,60973
ja,hif,6767
ja,hr,93124
ja,ho,27
ja,hsb,11878
ja,ht,18057
ja,hu,213387
ja,hy,149403
ja,ia,22219
ja,hyw,7729
ja,hz,28
ja,iba,1292
ja,id,270068
ja,ig,5898
ja,ie,6684
ja,ik,1215
ja,ii,36
ja,ilo,18075
ja,igl,94
ja,inh,2813
ja,io,31928
ja,is,46608
ja,it,471562
ja,jbo,1594
ja,jv,35461
ja,jam,1755
ja,iu,735
ja,ka,102370
ja,kaa,6259
ja,kg,1385
ja,kab,5360
ja,ki,1944
ja,kbd,2470
ja,kbp,1973
ja,kge,2395
ja,kcg,1430
ja,kk,74432
ja,kj,28
ja,kn,14930
ja,km,6716
ja,kl,628
ja,knc,930
ja,ko,497568
ja,koi,1594
ja,krc,3569
ja,kr,27
ja,ku,45627
ja,ksh,2536
ja,ks,3943
ja,kus,74
ja,kv,5161
ja,kw,7562
ja,ky,21211
ja,la,83643
ja,lad,4628
ja,lb,43942
ja,li,10246
ja,lij,11341
ja,lez,3332
ja,lg,1805
ja,lfn,4685
ja,lbe,1368
ja,lld,25844
ja,lmo,29025
ja,ln,3441
ja,lo,5116
ja,lt,94943
ja,lrc,4
ja,lv,88324
ja,ltg,1280
ja,mad,1255
ja,mai,7538
ja,lzh,2
ja,mg,29469
ja,map-bms,4433
ja,mdf,8600
ja,mhr,8148
ja,mh,40
ja,mi,3779
ja,min,7126
ja,mk,101595
ja,ml,49061
ja,mn,49595
ja,mni,3083
ja,mr,38126
ja,mnw,1437
ja,mos,416
ja,mo,15
ja,mrj,6100
ja,ms,127727
ja,mt,8095
ja,my,32387
ja,mwl,5495
ja,mus,25
ja,myv,5599
ja,mzn,24549
ja,nds,26709
ja,nah,4789
ja,nap,13740
ja,na,348
ja,nan,2
ja,nb,1
ja,nds-nl,5930
ja,ne,17303
ja,new,11065
ja,ng,73
ja,nia,515
ja,nl,330943
ja,nn,99631
ja,no,252542
ja,nov,2324
ja,nqo,594
ja,nrm,4577
ja,nr,88
ja,ny,1428
ja,nv,6412
ja,nso,4308
ja,oc,43445
ja,olo,3432
ja,or,13623
ja,om,1771
ja,os,20597
ja,pa,24165
ja,pam,7950
ja,pcd,2977
ja,pap,4023
ja,pfl,1150
ja,pdc,2034
ja,pag,1316
ja,pi,2966
ja,pcm,420
ja,pl,389915
ja,pih,94
ja,pms,22598
ja,pnb,36292
ja,ps,14328
ja,pnt,834
ja,pt,413033
ja,qu,17720
ja,rm,2375
ja,pwn,330
ja,rmy,882
ja,rn,872
ja,ro,190534
ja,rsk,548
ja,roa-tara,10226
ja,roa-rup,1608
ja,ru,507627
ja,rue,9776
ja,rw,2701
ja,sa,14256
ja,sah,12246
ja,sat,4281
ja,sc,7044
ja,scn,21228
ja,sco,47394
ja,sd,14345
ja,se,8954
ja,sg,620
ja,sh,135504
ja,shi,1185
ja,shn,11805
ja,si,19580
ja,simple,167371
ja,sk,120488
ja,sl,109707
ja,skr,2676
ja,sm,1356
ja,smn,14468
ja,sn,3378
ja,sq,53126
ja,so,6125
ja,sr,180724
ja,ss,1021
ja,stq,3817
ja,srn,1150
ja,st,920
ja,su,15022
ja,sv,351881
ja,sw,43270
ja,szl,10857
ja,syl,1118
ja,ta,57175
ja,szy,2024
ja,tcy,1194
ja,tay,1096
ja,te,19545
ja,tdd,483
ja,tg,44303
ja,tet,1044
ja,th,140467
ja,tk,7985
ja,ti,1155
ja,tig,35
ja,tl,53202
ja,tly,6678
ja,to,988
ja,tn,931
ja,tpi,2105
ja,tr,264783
ja,ts,1098
ja,trv,625
ja,tt,63087
ja,tum,4195
ja,tyv,1661
ja,tw,1445
ja,ty,946
ja,ug,5191
ja,udm,4293
ja,uk,373578
ja,ur,161388
ja,uz,86561
ja,vec,26073
ja,ve,479
ja,vep,8690
ja,vi,252842
ja,vls,7507
ja,vo,19402
ja,wa,6272
ja,war,67355
ja,wo,2105
ja,wuu,44303
ja,xal,1883
ja,xh,1994
ja,xmf,20461
ja,yo,16752
ja,yi,10752
ja,zea,3405
ja,za,3357
ja,zgh,1796
ja,zh,578441
ja,yue,4
ja,zh-classical,14258
ja,zh-min-nan,79460
ja,zh-cn,5
ja,zh-yue,102294
ja,zh-tw,8
ja,zu,5148
nl,ace,7592
nl,ady,533
nl,ab,8603
nl,aa,66
nl,af,73719
nl,als,26279
nl,ak,230
nl,am,8233
nl,alt,825
nl,an,41090
nl,ami,667
nl,ang,5970
nl,ar,375635
nl,anp,1498
nl,ann,376
nl,arc,2234
nl,ary,8465
nl,arz,254180
nl,as,7278
nl,ast,92994
nl,atj,711
nl,av,3411
nl,avk,14570
nl,ay,2616
nl,awa,1422
nl,az,107682
nl,azb,112300
nl,ba,25571
nl,ban,16579
nl,bar,21705
nl,bat-smg,7035
nl,bcl,12471
nl,bbc,857
nl,bdr,211
nl,be,121895
nl,be-x-old,56296
nl,be-tarask,5
nl,bew,2467
nl,bg,179829
nl,bh,9615
nl,bm,1307
nl,bi,1546
nl,bjn,4331
nl,blk,1146
nl,bn,69743
nl,bo,4946
nl,bpy,17655
nl,br,68177
nl,bs,73309
nl,btm,1141
nl,bug,15720
nl,bxr,3635
nl,ca,361549
nl,cbk-zam,3643
nl,cdo,13195
nl,ce,149236
nl,ceb,1008001
nl,ch,803
nl,chr,1443
nl,chy,663
nl,ckb,49091
nl,cho,35
nl,crh,7368
nl,co,7080
nl,cs,276515
nl,cr,397
nl,csb,4538
nl,cu,1702
nl,cv,27621
nl,cy,105495
nl,da,176580
nl,dag,3481
nl,de,707763
nl,diq,35303
nl,din,579
nl,dga,193
nl,dsb,5120
nl,dtp,1030
nl,dv,2873
nl,dty,1702
nl,ee,1266
nl,el,148250
nl,dz,645
nl,eml,8098
nl,en,1121739
nl,eo,236324
nl,es,702181
nl,et,123907
nl,eu,322460
nl,ext,3771
nl,fa,416531
nl,fat,204
nl,ff,1578
nl,fi,276107
nl,fiu-vro,4708
nl,fj,2141
nl,fo,15066
nl,fon,408
nl,fr,771269
nl,frp,6302
nl,fur,4670
nl,frr,20489
nl,fy,63074
nl,ga,42055
nl,gan,6758
nl,gcr,2429
nl,gag,2685
nl,gd,11938
nl,gl,116722
nl,glk,27415
nl,gn,5700
nl,gom,1230
nl,gv,11578
nl,gu,6296
nl,gpe,645
nl,got,1314
nl,guc,371
nl,gor,6189
nl,gur,194
nl,guw,436
nl,haw,2850
nl,hak,8742
nl,ha,12166
nl,he,173190
nl,hi,52923
nl,hif,6168
nl,hr,117684
nl,ho,14
nl,hsb,12648
nl,ht,33433
nl,hu,310904
nl,hy,139934
nl,hyw,6312
nl,ia,28839
nl,hz,24
nl,iba,1205
nl,id,347179
nl,ie,12281
nl,ig,6153
nl,ik,1253
nl,ilo,13734
nl,igl,98
nl,ii,35
nl,io,39513
nl,inh,2395
nl,is,44107
nl,it,637121
nl,iu,759
nl,ja,333941
nl,jam,1879
nl,jv,45131
nl,jbo,1574
nl,ka,111634
nl,kaa,6993
nl,kab,5014
nl,ki,1696
nl,kbd,2450
nl,kg,1570
nl,kbp,1945
nl,kge,2041
nl,kcg,1224
nl,kk,118980
nl,kj,16
nl,kn,12941
nl,km,4720
nl,kl,659
nl,knc,966
nl,ko,281575
nl,ks,3486
nl,ku,66983
nl,ksh,2906
nl,koi,1823
nl,krc,3567
nl,kr,12
nl,kv,4853
nl,kw,6857
nl,kus,59
nl,ky,32942
nl,la,115522
nl,lad,4681
nl,lb,53555
nl,lfn,4672
nl,lez,3032
nl,lg,1831
nl,li,16243
nl,lbe,1484
nl,lij,11325
nl,lld,76567
nl,lmo,61751
nl,ln,3269
nl,lo,4061
nl,lt,104293
nl,lrc,5
nl,ltg,1256
nl,lv,86931
nl,mai,5709
nl,map-bms,7815
nl,mdf,7983
nl,mad,1247
nl,mg,65501
nl,mi,3665
nl,mhr,7739
nl,min,110569
nl,mh,36
nl,mk,101199
nl,ml,40743
nl,mn,34964
nl,mos,417
nl,mr,32723
nl,mni,2408
nl,mnw,759
nl,mo,9
nl,mrj,9171
nl,ms,219098
nl,mt,7141
nl,mwl,5062
nl,my,19998
nl,mus,12
nl,myv,5046
nl,mzn,31218
nl,nap,13985
nl,nds,32990
nl,nah,4598
nl,na,356
nl,nan,2
nl,nb,1
nl,nds-nl,9061
nl,ne,14110
nl,new,17010
nl,nia,1078
nl,nn,100036
nl,ng,66
nl,no,288260
nl,nov,2412
nl,nrm,4506
nl,nv,17400
nl,nso,4444
nl,nqo,613
nl,nr,100
nl,ny,1225
nl,oc,82014
nl,om,1756
nl,os,18198
nl,or,9009
nl,olo,3203
nl,pa,20315
nl,pag,2847
nl,pam,9997
nl,pap,5248
nl,pcd,4902
nl,pi,3013
nl,pfl,2962
nl,pdc,1974
nl,pl,591858
nl,pcm,341
nl,pih,108
nl,pms,56311
nl,pnb,36453
nl,ps,12238
nl,pnt,842
nl,pt,546254
nl,pwn,204
nl,qu,16275
nl,rm,4117
nl,ro,266611
nl,rn,831
nl,rmy,1053
nl,roa-tara,10086
nl,roa-rup,1648
nl,rsk,500
nl,ru,548590
nl,rue,9863
nl,sa,8223
nl,rw,2820
nl,rup,1
nl,sat,4244
nl,sah,10744
nl,sc,7166
nl,scn,22034
nl,sco,39868
nl,se,9466
nl,sd,11370
nl,sg,697
nl,sh,183936
nl,si,13019
nl,shi,1179
nl,shn,5044
nl,simple,181458
nl,sk,176649
nl,skr,2542
nl,sl,112952
nl,sn,3273
nl,so,5738
nl,smn,11680
nl,sm,1318
nl,sq,63741
nl,sr,241613
nl,su,34338
nl,stq,4597
nl,srn,1198
nl,st,1028
nl,ss,1019
nl,sv,1028838
nl,sw,40799
nl,szl,15578
nl,szy,1611
nl,syl,737
nl,ta,50190
nl,te,15682
nl,tcy,949
nl,tdd,315
nl,tay,876
nl,tet,1022
nl,tg,33298
nl,th,100246
nl,tl,47570
nl,ti,831
nl,tk,7314
nl,tig,30
nl,tpi,1950
nl,tly,7333
nl,to,973
nl,tn,1174
nl,tr,295283
nl,ts,1068
nl,trv,521
nl,tt,161255
nl,tum,5132
nl,tw,1446
nl,ty,1402
nl,udm,4454
nl,ug,4691
nl,tyv,1547
nl,uk,468051
nl,ur,114247
nl,uz,151406
nl,ve,596
nl,vec,68623
nl,vep,7972
nl,vi,633632
nl,vls,10612
nl,vo,28012
nl,wa,8350
nl,war,616052
nl,wo,2147
nl,wuu,37586
nl,xmf,20259
nl,xh,2076
nl,xal,1810
nl,yo,13008
nl,yi,11131
nl,za,2944
nl,zea,7502
nl,zgh,1743
nl,zh,475098
nl,zh-classical,8062
nl,zh-min-nan,182689
nl,zh-yue,77687
nl,zh-tw,1
nl,zu,5629
pl,af,63855
pl,ab,11536
pl,aa,56
pl,ace,2982
pl,ady,544
pl,als,25047
pl,ak,179
pl,am,8548
pl,alt,888
pl,ami,683
pl,an,44301
pl,ang,6231
pl,anp,1474
pl,ann,367
pl,ar,462685
pl,arc,2175
pl,ary,9039
pl,arz,341973
pl,as,7603
pl,ast,91536
pl,awa,1552
pl,avk,10863
pl,ay,2962
pl,atj,826
pl,av,3417
pl,az,127402
pl,azb,142007
pl,ba,30676
pl,ban,9354
pl,bar,21944
pl,bat-smg,8808
pl,bcl,11113
pl,bbc,508
pl,bdr,181
pl,be,185969
pl,be-x-old,89980
pl,be-tarask,134
pl,bew,2288
pl,bg,196651
pl,bi,1604
pl,bn,79257
pl,bh,9375
pl,blk,1257
pl,bjn,3611
pl,bm,1207
pl,bo,4734
pl,bpy,16110
pl,br,68033
pl,bs,94312
pl,btm,985
pl,bug,15668
pl,bxr,3921
pl,ca,339077
pl,cdo,15514
pl,cbk-zam,2112
pl,ce,246982
pl,ceb,310643
pl,ckb,53471
pl,ch,785
pl,chy,646
pl,chr,1391
pl,cho,28
pl,co,6767
pl,crh,14028
pl,cr,378
pl,cs,344797
pl,cu,1788
pl,csb,5947
pl,cv,34628
pl,cy,107231
pl,da,184562
pl,dag,3553
pl,de,808266
pl,diq,35136
pl,dga,261
pl,din,561
pl,dv,2840
pl,dsb,5400
pl,ee,1263
pl,dty,2140
pl,dtp,1072
pl,dz,633
pl,el,171129
pl,eml,8009
pl,en,1185910
pl,eo,261599
pl,es,711848
pl,et,143050
pl,eu,290780
pl,ext,3749
pl,fa,517843
pl,fi,314389
pl,ff,1861
pl,fat,189
pl,fo,15186
pl,fon,475
pl,fiu-vro,5210
pl,fj,2043
pl,fr,868527
pl,frp,5968
pl,frr,19920
pl,fy,48761
pl,fur,4502
pl,ga,43092
pl,gd,11524
pl,gan,8861
pl,gl,130215
pl,gag,2268
pl,gcr,2415
pl,glk,30129
pl,got,1275
pl,gu,6450
pl,guc,364
pl,gor,1290
pl,gn,5457
pl,gpe,742
pl,gv,11726
pl,gom,1159
pl,guw,547
pl,gur,186
pl,hak,8915
pl,ha,14533
pl,haw,3114
pl,he,196764
pl,hi,53023
pl,hif,6190
pl,hr,138712
pl,ho,14
pl,hsb,14491
pl,ht,36202
pl,hu,355500
pl,hy,185715
pl,hyw,7018
pl,ia,28990
pl,hz,18
pl,iba,1177
pl,id,254855
pl,ig,7326
pl,ie,12951
pl,ik,1217
pl,ilo,12914
pl,igl,90
pl,ii,31
pl,io,55262
pl,inh,2451
pl,is,45205
pl,it,735242
pl,iu,750
pl,ja,391170
pl,jv,32799
pl,jam,1846
pl,jbo,1406
pl,ka,118245
pl,kab,5345
pl,kcg,1335
pl,kge,2101
pl,kaa,7520
pl,kbp,1916
pl,ki,1699
pl,kg,1551
pl,kbd,2673
pl,kk,125978
pl,kj,16
pl,km,5148
pl,kl,658
pl,kn,13085
pl,knc,955
pl,ko,328884
pl,ks,3741
pl,koi,2182
pl,krc,3694
pl,kr,14
pl,ku,70305
pl,ksh,2702
pl,ky,34550
pl,kw,7412
pl,kv,5225
pl,kus,71
pl,la,128314
pl,lad,4554
pl,lb,50259
pl,lfn,4644
pl,lg,1812
pl,lez,3313
pl,lbe,1408
pl,li,13309
pl,lij,10646
pl,lld,83299
pl,lmo,62292
pl,ln,3462
pl,lo,4273
pl,lt,132389
pl,lrc,3
pl,lv,102586
pl,ltg,1310
pl,mai,8824
pl,map-bms,4171
pl,mdf,8317
pl,mad,1179
pl,mg,66689
pl,mi,3739
pl,mhr,8472
pl,min,10556
pl,mh,29
pl,mk,115668
pl,ml,42047
pl,mn,41199
pl,mni,2355
pl,mr,33949
pl,mos,403
pl,mnw,816
pl,mo,14
pl,ms,189115
pl,mrj,8187
pl,mt,8238
pl,mwl,5072
pl,mus,12
pl,my,22181
pl,myv,6207
pl,mzn,33920
pl,nap,13615
pl,nah,4604
pl,na,345
pl,nds,36014
pl,nb,4
pl,nds-nl,6372
pl,ne,17673
pl,new,17506
pl,nia,461
pl,nl,588814
pl,ng,65
pl,nn,110591
pl,no,320353
pl,nov,2512
pl,nqo,644
pl,nrm,4870
pl,nso,3966
pl,nv,10235
pl,ny,1248
pl,nr,99
pl,oc,85637
pl,olo,3279
pl,or,9541
pl,om,1764
pl,os,20455
pl,pa,21184
pl,pap,4201
pl,pag,1250
pl,pam,8282
pl,pcd,4694
pl,pcm,412
pl,pdc,2260
pl,pi,2838
pl,pfl,2833
pl,pms,57517
pl,pih,104
pl,pnb,37008
pl,ps,13020
pl,pnt,826
pl,pt,583274
pl,qu,16304
pl,pwn,232
pl,rm,3481
pl,rmy,1063
pl,rn,769
pl,ro,320618
pl,roa-rup,1635
pl,roa-tara,9675
pl,rsk,513
pl,ru,745450
pl,rw,3013
pl,rue,11214
pl,sa,10462
pl,sah,11534
pl,sat,4143
pl,sc,6999
pl,scn,21777
pl,sco,45511
pl,sd,11991
pl,se,9557
pl,sh,224764
pl,sg,642
pl,shi,1115
pl,si,13745
pl,shn,7354
pl,simple,193456
pl,sk,201128
pl,skr,2653
pl,sl,139313
pl,so,5814
pl,sm,1306
pl,smn,11853
pl,sn,3236
pl,sq,68966
pl,sr,301947
pl,su,12933
pl,srn,1166
pl,ss,1040
pl,stq,4301
pl,st,1009
pl,sv,548950
pl,sw,46607
pl,syl,890
pl,szl,22171
pl,szy,1771
pl,ta,48882
pl,tcy,945
pl,tay,1149
pl,tdd,282
pl,te,16331
pl,tet,1019
pl,tg,44166
pl,th,110142
pl,tl,50630
pl,tk,7205
pl,ti,971
pl,tig,29
pl,tly,8134
pl,tr,304703
pl,tn,1102
pl,tpi,1987
pl,to,989
pl,ts,994
pl,trv,554
pl,tt,247916
pl,tum,5242
pl,tw,1449
pl,ug,4593
pl,ty,1365
pl,udm,4907
pl,tyv,1800
pl,uk,687051
pl,ur,143156
pl,uz,162973
pl,ve,537
pl,vec,68735
pl,vep,8769
pl,vi,323418
pl,vls,8269
pl,vo,32026
pl,wa,7658
pl,war,166172
pl,wo,1909
pl,wuu,37104
pl,xh,1928
pl,xmf,20461
pl,xal,2014
pl,yi,11160
pl,yo,27301
pl,zea,6197
pl,za,2950
pl,zgh,1695
pl,zh,520379
pl,zh-classical,8541
pl,zh-min-nan,239650
pl,zh-cn,1
pl,zh-tw,1
pl,zh-yue,81392
pl,zu,5848
ru,ab,18993
ru,aa,52
ru,af,72080
ru,ace,3355
ru,ady,669
ru,als,24680
ru,ak,199
ru,am,8952
ru,alt,3271
ru,ami,695
ru,an,49919
ru,anp,1634
ru,ang,6512
ru,ann,377
ru,ar,643596
ru,arc,2203
ru,ary,13309
ru,arz,345869
ru,as,10600
ru,ast,91579
ru,avk,11314
ru,av,6011
ru,atj,733
ru,ay,3153
ru,awa,1593
ru,az,207480
ru,azb,154723
ru,ba,98322
ru,ban,11207
ru,bar,22746
ru,bat-smg,7949
ru,bcl,12211
ru,bbc,619
ru,bdr,248
ru,be,290467
ru,be-x-old,122916
ru,be-tarask,129
ru,bew,2554
ru,bg,240382
ru,bh,14423
ru,bjn,3895
ru,bi,1723
ru,bn,125539
ru,blk,1572
ru,bm,1199
ru,bo,5077
ru,bpy,20050
ru,br,74765
ru,bs,94151
ru,btm,1045
ru,bug,8673
ru,bxr,4993
ru,ca,358587
ru,cdo,19917
ru,cbk-zam,2236
ru,ce,325020
ru,ceb,238584
ru,chr,1481
ru,chy,684
ru,ckb,70364
ru,ch,748
ru,cho,24
ru,co,7154
ru,crh,31547
ru,cr,364
ru,cs,383009
ru,cu,2134
ru,csb,4357
ru,cv,74876
ru,cy,107099
ru,da,204013
ru,de,881792
ru,dag,3425
ru,diq,30138
ru,dga,246
ru,din,644
ru,dv,3092
ru,dty,2194
ru,dtp,1469
ru,dsb,6191
ru,dz,740
ru,ee,1291
ru,el,191465
ru,en,1469162
ru,eml,8711
ru,eo,262981
ru,es,814284
ru,et,157099
ru,eu,269516
ru,ext,3941
ru,fa,642386
ru,fat,256
ru,ff,2025
ru,fi,347309
ru,fiu-vro,4915
ru,fj,2223
ru,fo,16646
ru,fon,460
ru,fr,932795
ru,frp,5815
ru,frr,20501
ru,fy,58729
ru,fur,4583
ru,ga,48076
ru,gag,2790
ru,gan,13009
ru,gd,11925
ru,gcr,2448
ru,gl,153635
ru,glk,10172
ru,got,1298
ru,gu,8532
ru,guc,382
ru,gor,1547
ru,gn,5770
ru,gpe,857
ru,gv,14873
ru,gom,1462
ru,guw,716
ru,gur,224
ru,ha,16465
ru,haw,3271
ru,hak,10115
ru,he,247091
ru,hi,66789
ru,hif,7005
ru,hr,128087
ru,ho,12
ru,hsb,16857
ru,ht,23048
ru,hu,324346
ru,hy,318148
ru,hyw,11021
ru,ia,30189
ru,hz,14
ru,iba,1319
ru,id,315403
ru,ie,13060
ru,ilo,17528
ru,ig,8927
ru,ik,1176
ru,igl,129
ru,ii,27
ru,inh,4674
ru,io,39891
ru,is,51599
ru,it,787425
ru,iu,772
ru,ja,506969
ru,jv,39555
ru,jbo,1595
ru,jam,1926
ru,ka,168486
ru,kab,5754
ru,kge,2448
ru,kaa,8613
ru,kbd,3522
ru,kbp,1959
ru,kg,1580
ru,kcg,1491
ru,ki,1958
ru,kk,182677
ru,kj,15
ru,kl,662
ru,km,6623
ru,kn,16147
ru,knc,1024
ru,ko,448946
ru,ksh,2840
ru,ks,4214
ru,krc,5387
ru,koi,3443
ru,ku,68864
ru,kr,12
ru,kv,7603
ru,kw,7853
ru,kus,83
ru,ky,44047
ru,la,118194
ru,lad,4954
ru,lb,56387
ru,lez,5999
ru,lfn,5084
ru,lbe,1733
ru,lij,11718
ru,li,12517
ru,lg,1783
ru,lld,48870
ru,lmo,48881
ru,ln,3601
ru,lo,4987
ru,lt,134556
ru,lrc,3
ru,ltg,1669
ru,lv,123349
ru,mad,1295
ru,map-bms,4421
ru,mai,7795
ru,mdf,11270
ru,mg,47846
ru,mh,27
ru,mhr,13779
ru,min,9573
ru,mi,3809
ru,mk,144563
ru,ml,55859
ru,mn,56732
ru,mr,40664
ru,mni,2674
ru,mos,487
ru,mnw,1234
ru,mo,11
ru,mrj,9264
ru,ms,168175
ru,mt,9128
ru,mwl,6102
ru,my,29025
ru,mus,12
ru,myv,11946
ru,mzn,30397
ru,nah,4853
ru,nap,14054
ru,na,208
ru,nds,36585
ru,nb,3
ru,nds-nl,6481
ru,ne,18760
ru,new,13430
ru,ng,58
ru,nia,513
ru,nl,543111
ru,nn,123896
ru,no,377649
ru,nso,4015
ru,nov,2352
ru,nrm,4862
ru,nqo,663
ru,nv,11361
ru,nr,105
ru,oc,70688
ru,ny,1412
ru,olo,6029
ru,om,1796
ru,or,13338
ru,os,31252
ru,pa,26909
ru,pam,9239
ru,pag,1255
ru,pap,4484
ru,pcd,3378
ru,pfl,2487
ru,pi,2921
ru,pdc,2221
ru,pcm,473
ru,pih,94
ru,pl,742839
ru,pms,41087
ru,pnb,45795
ru,pnt,831
ru,ps,15722
ru,pt,645976
ru,pwn,239
ru,qu,19481
ru,ro,334079
ru,rm,3028
ru,rn,835
ru,rmy,1098
ru,roa-tara,10021
ru,roa-rup,1688
ru,rsk,600
ru,rue,12253
ru,rw,3101
ru,sa,15073
ru,sah,17411
ru,sc,7582
ru,sat,5686
ru,scn,22493
ru,sco,55966
ru,sd,15388
ru,se,10910
ru,sg,642
ru,sh,183897
ru,shn,10871
ru,shi,1254
ru,si,19078
ru,simple,210173
ru,sk,184132
ru,skr,3527
ru,sl,141102
ru,smn,16473
ru,sn,3439
ru,so,6529
ru,sm,1360
ru,sq,73402
ru,sr,258225
ru,stq,4343
ru,su,15084
ru,ss,1031
ru,srn,1191
ru,st,1004
ru,sv,574532
ru,sw,49646
ru,syl,1074
ru,szl,14759
ru,szy,1874
ru,ta,64232
ru,tay,1087
ru,tcy,1227
ru,tdd,440
ru,te,21913
ru,tg,83354
ru,tet,1023
ru,th,140118
ru,tk,8786
ru,tl,55120
ru,ti,1112
ru,tig,34
ru,tr,369434
ru,to,1035
ru,tpi,2040
ru,tly,8811
ru,tn,1053
ru,ts,1082
ru,tt,215517
ru,trv,560
ru,tw,1536
ru,tum,5424
ru,udm,7557
ru,tyv,3871
ru,ug,5371
ru,ty,1442
ru,uk,978459
ru,ur,233538
ru,uz,177590
ru,vec,51106
ru,ve,536
ru,vep,12336
ru,vi,344671
ru,vls,8263
ru,vo,28364
ru,wa,7070
ru,war,151247
ru,wuu,40761
ru,wo,2104
ru,xal,2136
ru,xh,2071
ru,xmf,24213
ru,yi,12064
ru,yo,17950
ru,za,3092
ru,zgh,1857
ru,zea,5838
ru,zh,641702
ru,zh-classical,10317
ru,zh-cn,1
ru,zh-min-nan,177888
ru,zh-yue,95350
ru,zu,5736
sv,ab,14566
sv,aa,64
sv,ace,7131
sv,ady,522
sv,af,86467
sv,ak,228
sv,als,24189
sv,am,8478
sv,alt,885
sv,an,46535
sv,ami,654
sv,ang,6359
sv,ar,438855
sv,anp,1532
sv,ann,368
sv,ary,12524
sv,arc,2134
sv,arz,302604
sv,as,8326
sv,ast,102512
sv,atj,1152
sv,av,3569
sv,avk,14695
sv,ay,3033
sv,awa,1339
sv,az,139347
sv,azb,125159
sv,ba,29318
sv,ban,19030
sv,bar,21055
sv,bat-smg,7132
sv,bcl,12309
sv,bdr,209
sv,bbc,696
sv,be,134808
sv,be-tarask,4
sv,be-x-old,68746
sv,bew,2689
sv,bg,193585
sv,bh,12268
sv,bi,1577
sv,bjn,5027
sv,bm,1451
sv,blk,1528
sv,bn,91891
sv,bo,4710
sv,bpy,21827
sv,br,71554
sv,bs,72796
sv,btm,1025
sv,bug,15709
sv,bxr,4097
sv,ca,331119
sv,cbk-zam,3601
sv,cdo,19019
sv,ce,137023
sv,ceb,1830909
sv,chr,1420
sv,ckb,59369
sv,ch,693
sv,chy,664
sv,cho,31
sv,co,7332
sv,crh,7598
sv,cs,276486
sv,cr,394
sv,csb,4071
sv,cv,29415
sv,cu,1831
sv,cy,116463
sv,da,201407
sv,dag,3712
sv,de,668775
sv,din,585
sv,diq,28267
sv,dga,359
sv,dsb,5448
sv,dty,1662
sv,dv,3140
sv,dtp,1170
sv,el,153338
sv,dz,642
sv,ee,1355
sv,egl,1
sv,eml,8333
sv,en,1188856
sv,eo,244850
sv,es,708170
sv,et,130325
sv,eu,329375
sv,ext,3713
sv,fa,487476
sv,ff,1941
sv,fi,323862
sv,fat,203
sv,fiu-vro,4832
sv,fo,17182
sv,fon,571
sv,fj,2225
sv,fr,739849
sv,frp,6069
sv,frr,19504
sv,fur,4549
sv,fy,49847
sv,ga,46216
sv,gag,2266
sv,gcr,2431
sv,gan,11990
sv,gd,13179
sv,gl,124387
sv,glk,17193
sv,gn,5738
sv,got,1311
sv,gom,1253
sv,gor,6558
sv,gu,7397
sv,gpe,808
sv,gsw,1
sv,gv,13312
sv,gur,180
sv,guw,635
sv,ha,12679
sv,guc,384
sv,hak,9487
sv,haw,3155
sv,he,177896
sv,hi,54376
sv,hif,6766
sv,hr,105192
sv,ho,13
sv,hsb,14596
sv,ht,26605
sv,hu,307183
sv,hy,173188
sv,hyw,7813
sv,ia,28945
sv,hz,18
sv,id,364527
sv,iba,1154
sv,ie,12628
sv,ig,6377
sv,inh,2607
sv,ilo,19529
sv,ik,1207
sv,igl,98
sv,ii,28
sv,io,36749
sv,is,53697
sv,it,583870
sv,ja,354404
sv,iu,771
sv,jv,48097
sv,jam,1887
sv,jbo,1570
sv,ka,123982
sv,kaa,7301
sv,kcg,1359
sv,kbd,2237
sv,kab,5677
sv,kbp,1927
sv,ki,1824
sv,kk,111562
sv,kge,2152
sv,kg,1585
sv,kj,16
sv,kn,13934
sv,km,5391
sv,kl,666
sv,knc,953
sv,ko,325579
sv,krc,3747
sv,ksh,2716
sv,ks,3748
sv,koi,2407
sv,ku,77982
sv,kr,18
sv,kw,8329
sv,kv,5391
sv,ky,29806
sv,kus,63
sv,la,128463
sv,lb,50193
sv,lad,4624
sv,lfn,4553
sv,lez,3285
sv,li,13030
sv,lg,1691
sv,lbe,1384
sv,lij,10846
sv,lld,76860
sv,lmo,55783
sv,ln,3546
sv,lo,4534
sv,lt,99888
sv,lrc,3
sv,lv,94341
sv,ltg,1338
sv,mad,1326
sv,lzh,1
sv,map-bms,10769
sv,mdf,9012
sv,mai,6054
sv,mg,61106
sv,mi,4079
sv,mhr,8096
sv,min,168487
sv,mh,33
sv,mk,106496
sv,ml,45350
sv,mn,44617
sv,mnw,1041
sv,mni,2870
sv,mr,35694
sv,mos,386
sv,mo,8
sv,ms,218067
sv,mrj,8539
sv,mt,8143
sv,mwl,5449
sv,my,25108
sv,mus,12
sv,myv,5805
sv,mzn,33736
sv,nah,4772
sv,nap,13499
sv,na,320
sv,nan,3
sv,nds,33537
sv,nb,11
sv,nds-nl,6365
sv,ne,15453
sv,new,15073
sv,nia,476
sv,nl,1028462
sv,ng,64
sv,nn,141400
sv,no,363373
sv,nrm,4904
sv,nov,2276
sv,nso,4175
sv,nv,19486
sv,nqo,663
sv,nr,92
sv,oc,85282
sv,ny,1303
sv,olo,3645
sv,om,1755
sv,os,20243
sv,or,11963
sv,pa,21999
sv,pam,10573
sv,pag,2697
sv,pi,3007
sv,pap,4295
sv,pcd,4600
sv,pdc,2253
sv,pfl,2833
sv,pcm,428
sv,pl,551533
sv,pih,105
sv,pms,58687
sv,pnb,41980
sv,ps,14045
sv,pnt,830
sv,pt,551105
sv,pwn,251
sv,qu,19099
sv,rm,3945
sv,rn,980
sv,rmy,1030
sv,ro,302839
sv,roa-rup,1605
sv,roa-tara,9741
sv,rsk,501
sv,ru,579207
sv,rue,9743
sv,sa,13518
sv,rw,2752
sv,sah,12163
sv,scn,21762
sv,sc,7064
sv,sat,4940
sv,sco,47926
sv,sd,12945
sv,se,11168
sv,sh,198611
sv,sg,782
sv,sgs,1
sv,shi,1202
sv,shn,10016
sv,si,15023
sv,simple,189681
sv,sk,171307
sv,skr,2658
sv,sl,114840
sv,sm,1312
sv,sn,3327
sv,smn,16058
sv,so,5882
sv,sq,65475
sv,sr,254842
sv,stq,4314
sv,su,21659
sv,ss,1007
sv,srn,1138
sv,st,909
sv,sw,46167
sv,syl,984
sv,szl,56356
sv,szy,1636
sv,ta,53153
sv,te,18166
sv,tay,862
sv,tdd,364
sv,tcy,1041
sv,tg,38389
sv,tet,994
sv,th,111189
sv,ti,1078
sv,tk,7446
sv,tig,30
sv,tl,51163
sv,tly,7500
sv,to,1174
sv,tpi,2025
sv,tn,1108
sv,tr,334057
sv,trv,552
sv,ts,1105
sv,tt,150855
sv,tum,5083
sv,ug,4918
sv,tyv,1578
sv,udm,4940
sv,tw,1500
sv,ty,1371
sv,uk,480850
sv,ur,172110
sv,uz,143964
sv,vec,67864
sv,ve,490
sv,vep,8444
sv,vi,887407
sv,vls,8253
sv,vo,27133
sv,wa,6965
sv,war,1377071
sv,wo,2101
sv,wuu,37460
sv,xmf,20791
sv,xh,1913
sv,xal,1810
sv,yi,10209
sv,yo,24398
sv,zea,6102
sv,za,3095
sv,zgh,1878
sv,zh,553018
sv,yue,1
sv,zh-classical,8518
sv,zh-min-nan,170465
sv,zh-cn,1
sv,zh-tw,1
sv,zh-yue,89016
sv,zu,5879
uk,ab,18884
uk,aa,59
uk,af,69755
uk,ady,606
uk,ace,3130
uk,ak,243
uk,als,24746
uk,am,8739
uk,alt,2643
uk,ami,691
uk,an,47114
uk,ang,6455
uk,anp,1569
uk,ann,373
uk,ar,521301
uk,ary,13128
uk,arc,2261
uk,arz,275638
uk,as,9827
uk,ast,97216
uk,avk,11963
uk,awa,1315
uk,atj,793
uk,av,4922
uk,ay,2978
uk,az,173817
uk,azb,158764
uk,ba,53753
uk,ban,11369
uk,bar,21648
uk,bat-smg,7453
uk,bcl,11495
uk,bbc,618
uk,bdr,264
uk,be,234813
uk,be-x-old,106176
uk,be-tarask,133
uk,bew,2452
uk,bg,216164
uk,bh,14870
uk,bjn,3883
uk,blk,1711
uk,bm,1265
uk,bi,1604
uk,bn,123723
uk,bo,4881
uk,bpy,14333
uk,br,70606
uk,bs,107337
uk,btm,1042
uk,bug,15773
uk,bxr,5060
uk,ca,335191
uk,cdo,19547
uk,cbk-zam,2189
uk,ce,343825
uk,ceb,266814
uk,ch,825
uk,chy,673
uk,ckb,63836
uk,chr,1489
uk,cho,28
uk,co,7464
uk,crh,29276
uk,cr,406
uk,cs,309567
uk,cv,50432
uk,csb,5180
uk,cu,2065
uk,cy,114504
uk,da,174181
uk,dag,3703
uk,de,653104
uk,din,617
uk,diq,36721
uk,dga,209
uk,dsb,6076
uk,dty,1947
uk,dtp,1748
uk,dz,707
uk,dv,2992
uk,ee,1283
uk,el,173620
uk,eml,8056
uk,en,1116435
uk,eo,257444
uk,es,655268
uk,et,139685
uk,eu,297141
uk,ext,3800
uk,fa,570196
uk,ff,1726
uk,fi,274678
uk,fat,249
uk,fo,16487
uk,fon,419
uk,fiu-vro,5365
uk,fj,2265
uk,fr,747089
uk,frp,6393
uk,fur,4553
uk,frr,19863
uk,fy,53879
uk,ga,43624
uk,gag,2755
uk,gan,12604
uk,gcr,2451
uk,gl,133376
uk,gd,11399
uk,glk,32920
uk,gu,7618
uk,gom,1455
uk,gn,5568
uk,got,1335
uk,gv,14889
uk,gor,1362
uk,gpe,730
uk,guc,370
uk,guw,745
uk,gur,212
uk,ha,13587
uk,hak,9475
uk,haw,3215
uk,he,198910
uk,hi,60878
uk,hr,127827
uk,hif,6586
uk,ho,14
uk,hsb,15948
uk,ht,39362
uk,hu,328372
uk,hy,261799
uk,ia,29140
uk,hyw,9657
uk,hz,16
uk,iba,1286
uk,id,262376
uk,ie,12511
uk,ig,6391
uk,igl,111
uk,ilo,18613
uk,ik,1266
uk,inh,3605
uk,ii,29
uk,io,50132
uk,is,49156
uk,it,618125
uk,ja,381495
uk,iu,764
uk,jv,34222
uk,jam,1930
uk,jbo,1577
uk,ka,139380
uk,kab,5805
uk,kbp,1973
uk,kaa,8985
uk,kcg,1456
uk,kbd,3187
uk,kge,2340
uk,kg,1589
uk,ki,1930
uk,kk,161148
uk,kj,17
uk,km,6142
uk,kl,644
uk,kn,14848
uk,knc,948
uk,ko,357231
uk,ks,3944
uk,ksh,2648
uk,koi,2287
uk,krc,5366
uk,ku,83625
uk,kr,14
uk,kv,6375
uk,kus,68
uk,kw,7803
uk,ky,40865
uk,la,131032
uk,lad,4604
uk,lb,52917
uk,lez,4563
uk,lbe,1601
uk,li,12276
uk,lij,11926
uk,lg,1716
uk,lfn,4857
uk,lld,70445
uk,lmo,53117
uk,lo,4704
uk,ln,3456
uk,lt,121850
uk,lrc,3
uk,ltg,1444
uk,lv,106147
uk,mad,1228
uk,mai,7076
uk,map-bms,4452
uk,mdf,10633
uk,mg,60287
uk,mhr,12772
uk,mh,26
uk,mi,3861
uk,min,7774
uk,mk,137621
uk,ml,52772
uk,mn,50732
uk,mni,2761
uk,mr,37413
uk,mnw,1391
uk,mos,445
uk,mo,11
uk,mrj,8642
uk,ms,180392
uk,mt,8979
uk,mwl,5586
uk,my,30853
uk,mus,14
uk,myv,10501
uk,mzn,37557
uk,nap,14092
uk,nah,4826
uk,nds,30352
uk,na,340
uk,nb,2
uk,nan,1
uk,nds-nl,6915
uk,ne,17554
uk,new,16077
uk,nia,508
uk,ng,62
uk,nl,474759
uk,nn,109956
uk,no,292708
uk,nov,2347
uk,nrm,4935
uk,nqo,587
uk,nr,95
uk,nso,3871
uk,nv,16001
uk,ny,1399
uk,oc,86792
uk,olo,3999
uk,os,26155
uk,or,13450
uk,om,1790
uk,pa,24709
uk,pcd,4703
uk,pam,8883
uk,pap,4396
uk,pag,1250
uk,pcm,414
uk,pfl,2914
uk,pi,2981
uk,pdc,2354
uk,pl,700447
uk,pih,99
uk,pms,55095
uk,pnb,41823
uk,ps,14751
uk,pnt,855
uk,pt,555049
uk,qu,18366
uk,pwn,231
uk,rmy,1078
uk,rm,3531
uk,rn,906
uk,ro,362442
uk,roa-rup,1691
uk,roa-tara,10081
uk,rsk,630
uk,ru,1001565
uk,rue,13199
uk,sa,13804
uk,rw,2972
uk,sah,15431
uk,sat,4259
uk,sc,7216
uk,scn,22003
uk,sco,52897
uk,sd,15036
uk,se,10455
uk,sg,646
uk,sh,227619
uk,shi,1220
uk,shn,11640
uk,si,19434
uk,simple,199463
uk,sk,190158
uk,skr,2687
uk,sl,137955
uk,sm,1355
uk,smn,15932
uk,sn,3361
uk,so,6252
uk,sq,70534
uk,sr,304897
uk,srn,1160
uk,st,939
uk,ss,1040
uk,stq,4327
uk,su,14771
uk,sv,488853
uk,sw,43875
uk,szl,18139
uk,syl,1097
uk,szy,1762
uk,ta,58026
uk,te,18999
uk,tcy,1157
uk,tay,907
uk,tdd,475
uk,tg,62773
uk,tet,1038
uk,th,123144
uk,tk,8394
uk,ti,1155
uk,tig,33
uk,tl,54443
uk,tly,9259
uk,tpi,2181
uk,to,972
uk,tn,944
uk,tr,314545
uk,ts,1116
uk,trv,553
uk,tt,296246
uk,tum,5386
uk,ty,1303
uk,tw,1491
uk,tyv,2858
uk,udm,6961
uk,ug,5080
uk,ur,202691
uk,uz,179907
uk,ve,497
uk,vec,68507
uk,vep,11375
uk,vi,364675
uk,vls,8124
uk,vo,26451
uk,wa,6797
uk,war,173736
uk,wuu,38808
uk,wo,2194
uk,xmf,23125
uk,xh,1973
uk,xal,2138
uk,yi,11527
uk,yo,29873
uk,zgh,1820
uk,zea,5796
uk,za,3111
uk,zh,558104
uk,zh-classical,9738
uk,zh-min-nan,259448
uk,zh-yue,91855
uk,zu,5234
vi,ab,18566
vi,aa,58
vi,ace,3099
vi,ady,541
vi,af,102991
vi,ak,226
vi,als,18744
vi,am,7914
vi,alt,946
vi,ami,711
vi,an,39630
vi,ang,5642
vi,anp,1585
vi,ann,330
vi,ar,346286
vi,ary,12010
vi,arc,1996
vi,arz,153644
vi,as,9618
vi,ast,92842
vi,atj,490
vi,av,3819
vi,avk,13772
vi,az,134219
vi,ay,2566
vi,awa,1396
vi,azb,97417
vi,ba,29733
vi,ban,11869
vi,bar,18195
vi,bat-smg,6104
vi,bcl,11719
vi,bdr,291
vi,be,102993
vi,bbc,578
vi,be-x-old,65030
vi,be-tarask,4
vi,bg,138548
vi,bew,2369
vi,bh,16515
vi,bjn,3789
vi,blk,1809
vi,bm,1371
vi,bi,1544
vi,bn,171525
vi,bo,4696
vi,bpy,24152
vi,br,58155
vi,bs,64573
vi,btm,1029
vi,bxr,4328
vi,ca,209990
vi,bug,15785
vi,cbk-zam,3440
vi,cdo,20511
vi,ce,159806
vi,ceb,808927
vi,chr,1405
vi,ch,621
vi,cho,25
vi,ckb,53262
vi,chy,659
vi,co,6945
vi,cr,337
vi,crh,7658
vi,cs,170284
vi,csb,3776
vi,cu,1603
vi,cv,27428
vi,cy,86333
vi,da,111429
vi,dag,3125
vi,de,340746
vi,din,607
vi,dga,184
vi,diq,30503
vi,dsb,5438
vi,dty,1870
vi,dtp,1822
vi,dv,2946
vi,el,115839
vi,dz,603
vi,ee,1243
vi,eml,6715
vi,en,893000
vi,eo,203053
vi,es,508742
vi,et,87022
vi,eu,253535
vi,fa,421203
vi,ext,3409
vi,ff,1797
vi,fat,326
vi,fi,155574
vi,fj,2245
vi,fiu-vro,4006
vi,fo,15291
vi,fon,371
vi,fr,442164
vi,frr,16427
vi,frp,5468
vi,fur,4182
vi,fy,37632
vi,ga,34733
vi,gag,2742
vi,gcr,2428
vi,gd,9721
vi,gan,12860
vi,gl,90622
vi,gn,5267
vi,glk,14391
vi,gv,14226
vi,gu,8160
vi,gor,1379
vi,gom,1443
vi,got,1137
vi,guw,726
vi,gur,235
vi,guc,353
vi,gpe,642
vi,ha,11221
vi,hak,10623
vi,he,121172
vi,haw,2942
vi,hi,56550
vi,hif,7022
vi,hr,74227
vi,ho,13
vi,hsb,13429
vi,ht,23377
vi,hu,220046
vi,hy,165335
vi,hyw,7047
vi,ia,26025
vi,hz,15
vi,iba,1323
vi,id,288618
vi,ie,11141
vi,ig,5905
vi,ilo,23862
vi,ik,1118
vi,igl,109
vi,ii,27
vi,io,30936
vi,inh,2773
vi,is,42300
vi,it,345909
vi,iu,656
vi,ja,254022
vi,jam,1842
vi,jv,31715
vi,jbo,1507
vi,ka,104408
vi,kaa,7535
vi,kab,6557
vi,kbp,1912
vi,ki,1759
vi,kg,1449
vi,kk,95927
vi,kge,2168
vi,kcg,1326
vi,kbd,2220
vi,kj,16
vi,km,7345
vi,kl,540
vi,kn,13800
vi,ko,258411
vi,knc,797
vi,ks,3662
vi,ku,84551
vi,koi,2483
vi,krc,3754
vi,ksh,2285
vi,kr,13
vi,kv,5034
vi,kw,6860
vi,kus,60
vi,ky,25120
vi,la,108144
vi,lad,3924
vi,lb,44635
vi,lez,3214
vi,lfn,4167
vi,lbe,1420
vi,lg,1948
vi,li,11111
vi,lld,48617
vi,lij,10969
vi,lmo,49222
vi,ln,3165
vi,lo,5292
vi,lt,71223
vi,lrc,4
vi,lv,69086
vi,ltg,1136
vi,map-bms,4322
vi,mai,6973
vi,mdf,8621
vi,mad,1252
vi,lzh,1
vi,mg,49992
vi,mhr,8239
vi,mh,25
vi,mi,4079
vi,min,92310
vi,mk,92508
vi,ml,51021
vi,mn,41064
vi,mni,2768
vi,mr,33699
vi,mos,372
vi,mnw,1543
vi,mo,10
vi,mrj,8703
vi,ms,210731
vi,mt,7602
vi,my,32467
vi,mwl,5300
vi,mus,12
vi,myv,6124
vi,mzn,28259
vi,nap,12687
vi,nah,4514
vi,nds,20401
vi,na,283
vi,nb,1
vi,nds-nl,5657
vi,ne,17734
vi,new,15806
vi,ng,57
vi,nia,519
vi,nl,633384
vi,nn,83990
vi,no,175283
vi,nso,4042
vi,nrm,4654
vi,nov,2186
vi,nqo,433
vi,nv,17520
vi,nr,78
vi,ny,1324
vi,oc,78847
vi,olo,3320
vi,or,14745
vi,om,1683
vi,os,19157
vi,pa,22509
vi,pam,10118
vi,pcd,4363
vi,pdc,2141
vi,pap,4153
vi,pfl,2745
vi,pag,2662
vi,pcm,405
vi,pi,2940
vi,pih,92
vi,pl,325028
vi,pms,49781
vi,pnb,37953
vi,ps,13275
vi,pnt,791
vi,pt,403681
vi,qu,16289
vi,pwn,316
vi,ro,229907
vi,rm,2388
vi,rmy,980
vi,rn,913
vi,roa-tara,8743
vi,rsk,510
vi,roa-rup,1543
vi,ru,346846
vi,rue,9529
vi,rw,2627
vi,sa,14548
vi,sah,11736
vi,scn,18637
vi,sc,6309
vi,sat,4733
vi,sco,50757
vi,sd,14433
vi,se,9255
vi,sg,683
vi,sh,133353
vi,shi,1096
vi,shn,12205
vi,si,20143
vi,simple,147907
vi,sk,140080
vi,skr,1760
vi,sl,90661
vi,sm,1277
vi,smn,14293
vi,so,5769
vi,sn,3124
vi,sq,56024
vi,sr,241699
vi,su,14570
vi,stq,3964
vi,srn,1050
vi,ss,973
vi,st,865
vi,sv,887791
vi,sw,38360
vi,szl,12316
vi,syl,1076
vi,ta,53402
vi,szy,1740
vi,tcy,1158
vi,te,18983
vi,tay,764
vi,tdd,494
vi,tg,39402
vi,tet,1007
vi,th,117742
vi,tk,7543
vi,ti,1078
vi,tig,28
vi,tl,51882
vi,tly,5788
vi,tn,846
vi,tpi,2055
vi,to,1094
vi,tr,312071
vi,ts,1093
vi,trv,597
vi,tt,171773
vi,tum,4482
vi,tw,1559
vi,ug,4640
vi,tyv,1464
vi,udm,4853
vi,ty,1150
vi,uk,357994
vi,ur,171315
vi,uz,144858
vi,vec,62354
vi,ve,425
vi,vep,8105
vi,vls,7231
vi,vo,19308
vi,wa,6038
vi,war,621272
vi,wo,1982
vi,wuu,37032
vi,xal,1814
vi,xh,1821
vi,xmf,19430
vi,yi,9447
vi,yo,25953
vi,zh,475123
vi,zea,5542
vi,zgh,1666
vi,za,3292
vi,zh-classical,11567
vi,zh-min-nan,165268
vi,zh-cn,1
vi,zh-tw,1
vi,zh-yue,93306
vi,zu,4683
war,ace,4595
war,ady,436
war,ab,9798
war,aa,51
war,af,41797
war,ak,188
war,als,14551
war,am,6348
war,an,28139
war,alt,968
war,ami,455
war,ang,3826
war,ann,343
war,anp,1154
war,ar,99411
war,arc,1685
war,ary,6228
war,arz,63858
war,as,3844
war,ast,57450
war,avk,11929
war,av,2523
war,atj,405
war,az,49138
war,awa,905
war,ay,2348
war,azb,41851
war,ba,13357
war,ban,6414
war,bar,12406
war,bat-smg,4194
war,bcl,9192
war,bbc,411
war,be,43785
war,bdr,160
war,be-x-old,21597
war,be-tarask,3
war,bew,1346
war,bg,75526
war,bh,7071
war,bi,1289
war,bm,1284
war,blk,914
war,bjn,2642
war,bn,21250
war,bpy,15641
war,bo,3393
war,br,41924
war,bs,22094
war,bug,15629
war,btm,889
war,ca,148221
war,bxr,3030
war,cdo,14202
war,ce,93739
war,cbk-zam,3433
war,ceb,1354405
war,chr,1165
war,ch,623
war,chy,598
war,cho,31
war,ckb,18681
war,crh,9566
war,co,5762
war,cr,342
war,cs,57061
war,csb,3143
war,cy,47690
war,cv,13454
war,cu,1102
war,da,40601
war,dag,2575
war,de,170580
war,diq,22330
war,dtp,616
war,dsb,3626
war,dty,1065
war,din,479
war,dv,2109
war,dga,59
war,el,44524
war,dz,518
war,ee,1131
war,eml,5213
war,en,387147
war,eo,99990
war,es,260475
war,et,43083
war,eu,184032
war,ext,2816
war,fa,122276
war,ff,1036
war,fi,62094
war,fat,111
war,fo,9612
war,fiu-vro,2997
war,fr,229186
war,fon,303
war,fj,1626
war,frr,13178
war,frp,4332
war,fur,3547
war,fy,17144
war,ga,20470
war,gd,7857
war,gan,8213
war,gag,1713
war,gcr,2235
war,gl,40080
war,guc,318
war,gor,1159
war,gv,6143
war,gn,4330
war,gu,3827
war,glk,8863
war,got,1002
war,guw,441
war,gom,930
war,gpe,252
war,gur,94
war,hak,6522
war,he,33036
war,ha,4474
war,haw,2550
war,hi,17347
war,hif,4613
war,hr,30127
war,ho,19
war,hsb,10224
war,ht,13290
war,hu,126457
war,hy,57082
war,hyw,4474
war,ia,23723
war,iba,705
war,hz,21
war,id,167294
war,ig,2064
war,ii,23
war,ik,1025
war,ie,10539
war,igl,52
war,ilo,15299
war,io,16250
war,inh,1768
war,is,22913
war,it,158099
war,iu,601
war,ja,67919
war,jv,16670
war,jbo,1323
war,jam,1542
war,ka,50665
war,kab,3979
war,kbp,1692
war,kaa,5684
war,kbd,1640
war,kcg,938
war,kg,1373
war,kge,1267
war,ki,1378
war,kk,69110
war,kj,20
war,km,2843
war,kl,467
war,kn,7217
war,knc,619
war,ko,58644
war,ks,2378
war,koi,2153
war,ksh,1758
war,krc,2429
war,ku,56593
war,kr,19
war,kw,5518
war,ky,17448
war,kv,4111
war,kus,24
war,la,75101
war,lad,2921
war,lb,23426
war,li,8326
war,lbe,1071
war,lg,1508
war,lez,2121
war,lfn,2711
war,lij,9787
war,lld,43308
war,lmo,40675
war,ln,2415
war,lo,2869
war,lt,33364
war,lrc,3
war,lv,27862
war,ltg,809
war,mdf,7096
war,mai,3476
war,mad,954
war,map-bms,3757
war,mg,39788
war,mhr,6515
war,mh,28
war,mi,3565
war,min,161586
war,mk,34426
war,ml,18256
war,mn,14265
war,mnw,683
war,mni,1473
war,mr,16848
war,mos,117
war,mo,9
war,mrj,7295
war,ms,124678
war,mt,4217
war,mwl,2599
war,mus,18
war,my,12250
war,myv,4583
war,mzn,19085
war,nap,12872
war,nah,4088
war,nds,14196
war,na,247
war,nb,1
war,nan,1
war,nds-nl,4224
war,new,10019
war,ne,6943
war,nia,366
war,nl,615770
war,ng,57
war,nn,31359
war,no,75583
war,nrm,4179
war,nv,17652
war,nqo,293
war,nov,1866
war,nso,3352
war,nr,60
war,oc,63363
war,ny,958
war,olo,3060
war,or,7453
war,os,15362
war,om,1292
war,pa,9682
war,pam,8249
war,pag,2780
war,pcd,3719
war,pap,3019
war,pfl,2441
war,pdc,1773
war,pi,2801
war,pcm,258
war,pih,89
war,pl,167514
war,pms,51065
war,pnb,23945
war,ps,6685
war,pnt,733
war,pt,204440
war,qu,13606
war,rmy,803
war,rm,2972
war,rn,727
war,ro,152949
war,pwn,191
war,roa-rup,1324
war,roa-tara,9155
war,ru,152325
war,rsk,318
war,rue,7742
war,rw,1837
war,sat,2088
war,sah,8307
war,sa,8386
war,sc,4652
war,scn,16071
war,sco,18785
war,se,6690
war,sg,679
war,sd,7240
war,sh,73567
war,si,7633
war,shn,6497
war,shi,825
war,simple,67242
war,sk,75166
war,sl,30328
war,skr,798
war,smn,6911
war,sn,2496
war,so,3080
war,sm,1104
war,sq,32367
war,sr,82275
war,su,10004
war,stq,3347
war,st,655
war,srn,934
war,ss,721
war,sv,1377064
war,sw,21984
war,syl,641
war,szl,44770
war,szy,1037
war,ta,19558
war,te,7845
war,tdd,280
war,tcy,690
war,tet,765
war,tg,19097
war,tay,423
war,th,31424
war,ti,860
war,tl,30914
war,tk,5528
war,tig,19
war,tn,590
war,to,1038
war,tpi,1686
war,tly,5315
war,tr,140712
war,trv,364
war,ts,908
war,tt,97638
war,tum,4384
war,tw,1128
war,ug,3190
war,ty,1232
war,tyv,866
war,udm,3843
war,uk,170169
war,ur,47485
war,uz,89136
war,vec,62815
war,ve,408
war,vep,5439
war,vi,621317
war,vls,5080
war,vo,18214
war,wuu,19683
war,wa,4436
war,wo,1582
war,xmf,12422
war,yi,5854
war,xal,1796
war,xh,1340
war,yo,6248
war,za,2361
war,zea,5028
war,zgh,1148
war,zh,211074
war,zh-classical,4710
war,zh-min-nan,102551
war,zh-yue,40908
war,zu,2756
zh,ab,20301
zh,aa,64
zh,ace,3439
zh,ady,567
zh,af,85940
zh,ak,277
zh,als,24249
zh,alt,1719
zh,ami,820
zh,am,8615
zh,an,47263
zh,ang,6652
zh,anp,1683
zh,ar,559953
zh,ann,377
zh,arc,2286
zh,ary,13958
zh,arz,233406
zh,as,11293
zh,ast,95659
zh,atj,635
zh,av,4535
zh,avk,10561
zh,az,161041
zh,awa,1529
zh,ay,2999
zh,azb,132519
zh,ba,37533
zh,ban,13160
zh,bar,22533
zh,bat-smg,7133
zh,be,164695
zh,bcl,12221
zh,bbc,638
zh,bdr,325
zh,be-x-old,88794
zh,be-tarask,7
zh,bew,2884
zh,bg,182397
zh,bh,18130
zh,bm,1305
zh,bn,165882
zh,blk,2360
zh,bjn,4300
zh,bi,1743
zh,bo,5490
zh,bpy,24437
zh,br,68848
zh,bs,82089
zh,btm,1053
zh,bug,15490
zh,bxr,5076
zh,ca,321599
zh,cbk-zam,2320
zh,cdo,22041
zh,ce,157292
zh,ceb,313778
zh,ch,834
zh,chr,1525
zh,chy,680
zh,ckb,70707
zh,cho,35
zh,co,6667
zh,crh,15500
zh,cr,409
zh,cs,275411
zh,csb,4000
zh,cu,2005
zh,cv,37110
zh,cy,102051
zh,da,169752
zh,dag,3931
zh,de,621448
zh,din,628
zh,dga,219
zh,diq,31742
zh,dsb,5997
zh,dtp,2139
zh,dty,2138
zh,dv,3221
zh,ee,1346
zh,el,168021
zh,dz,697
zh,eml,7768
zh,en,1269468
zh,eo,253835
zh,es,677291
zh,et,126297
zh,eu,307338
zh,ext,3740
zh,fa,620089
zh,ff,2069
zh,fi,259780
zh,fat,237
zh,fo,16573
zh,fiu-vro,4588
zh,fon,471
zh,fj,2369
zh,fr,690225
zh,frp,6402
zh,frr,20538
zh,fy,53255
zh,fur,4663
zh,ga,43804
zh,gan,14410
zh,gcr,2452
zh,gd,11652
zh,gag,2936
zh,gl,131760
zh,glk,25069
zh,gn,5704
zh,got,1293
zh,gor,1502
zh,gom,1569
zh,gpe,859
zh,gu,9195
zh,gsw,1
zh,gv,16653
zh,guw,774
zh,guc,375
zh,gur,223
zh,hak,12057
zh,ha,13124
zh,haw,3263
zh,he,197888
zh,hi,73156
zh,hif,7184
zh,hr,106158
zh,ho,18
zh,hsb,14921
zh,ht,30650
zh,hu,288527
zh,hy,207448
zh,hyw,8490
zh,ia,30024
zh,hz,23
zh,iba,1520
zh,id,326691
zh,ie,12760
zh,ilo,21370
zh,ig,6349
zh,ik,1286
zh,igl,114
zh,ii,37
zh,inh,3101
zh,io,40027
zh,is,48946
zh,it,580550
zh,ja,578447
zh,iu,774
zh,jv,41763
zh,jbo,1621
zh,jam,1953
zh,ka,131614
zh,kaa,8189
zh,kab,6472
zh,kbd,2728
zh,ki,1992
zh,kbp,1971
zh,kcg,1495
zh,kg,1609
zh,kge,2567
zh,kk,123089
zh,kj,21
zh,km,7736
zh,kl,629
zh,kn,16184
zh,knc,902
zh,ko,501526
zh,krc,4797
zh,koi,2306
zh,kr,20
zh,ks,4199
zh,ksh,2652
zh,ku,84654
zh,kw,7957
zh,kv,6198
zh,ky,34140
zh,kus,70
zh,la,129199
zh,lad,5059
zh,lb,51605
zh,lez,3774
zh,lbe,1529
zh,lij,11454
zh,li,12881
zh,lfn,4881
zh,lg,1838
zh,lld,73336
zh,lmo,53105
zh,ln,3481
zh,lo,5369
zh,lt,104330
zh,lrc,4
zh,lv,96359
zh,ltg,1395
zh,mad,1409
zh,lzh,17
zh,mai,8061
zh,map-bms,4731
zh,mdf,9983
zh,mg,60353
zh,min,9211
zh,mi,3948
zh,mhr,10051
zh,mh,35
zh,mk,122947
zh,ml,61386
zh,mn,54698
zh,mnw,1654
zh,mni,2864
zh,mr,40778
zh,mos,368
zh,mo,12
zh,mrj,8381
zh,ms,206736
zh,mt,8635
zh,mwl,5980
zh,my,39670
zh,mus,18
zh,myv,7684
zh,mzn,36924
zh,nap,13883
zh,nds,27384
zh,nah,4802
zh,na,361
zh,nb,3
zh,nan,5
zh,nds-nl,6480
zh,ne,20555
zh,new,19601
zh,nia,543
zh,nl,471287
zh,ng,67
zh,nn,122905
zh,no,294637
zh,nqo,650
zh,nov,2375
zh,nr,93
zh,nrm,4948
zh,ny,1480
zh,nv,10780
zh,nso,4164
zh,oc,85912
zh,olo,3834
zh,om,1832
zh,or,16067
zh,os,23393
zh,pa,27299
zh,pap,4455
zh,pam,9361
zh,pcd,4718
zh,pdc,2306
zh,pag,1328
zh,pcm,438
zh,pfl,2912
zh,pi,2956
zh,pl,519490
zh,pih,102
zh,pms,53649
zh,pnb,41793
zh,ps,15918
zh,pnt,844
zh,pt,560153
zh,qu,21156
zh,pwn,409
zh,rmy,1057
zh,rm,3625
zh,ro,304881
zh,rn,955
zh,roa-rup,1672
zh,roa-tara,9911
zh,rsk,561
zh,ru,642240
zh,rue,10999
zh,rw,3026
zh,sa,15175
zh,sah,14372
zh,sat,5915
zh,sc,7298
zh,scn,21481
zh,sco,61650
zh,sd,16810
zh,se,10967
zh,sh,185878
zh,sg,722
zh,shi,1244
zh,shn,13117
zh,si,23386
zh,simple,216704
zh,sk,172856
zh,skr,2779
zh,sl,122554
zh,sm,1384
zh,smn,15788
zh,so,6647
zh,sn,3397
zh,sq,68447
zh,sr,266951
zh,srn,1184
zh,st,970
zh,ss,1073
zh,stq,4374
zh,su,15900
zh,sv,549507
zh,sw,45130
zh,syl,1219
zh,szl,14770
zh,szy,2399
zh,ta,70015
zh,tdd,548
zh,tcy,1279
zh,tay,1332
zh,te,22416
zh,tg,44751
zh,tet,1131
zh,th,163184
zh,tl,60892
zh,tk,8131
zh,ti,1203
zh,tig,36
zh,tly,7220
zh,tn,1021
zh,tpi,2281
zh,to,1113
zh,tr,330108
zh,ts,1160
zh,trv,691
zh,tt,156351
zh,tum,5472
zh,ty,1496
zh,udm,5427
zh,ug,6040
zh,tyv,2206
zh,tw,1519
zh,uk,544802
zh,ur,235110
zh,uz,157209
zh,vec,68384
zh,ve,557
zh,vep,10201
zh,vi,472879
zh,vls,8267
zh,vo,26163
zh,wa,6994
zh,war,209544
zh,wo,2190
zh,wuu,51634
zh,xal,2158
zh,xh,2098
zh,xmf,22862
zh,yo,25551
zh,yi,11603
zh,zea,6065
zh,zh-classical,16950
zh,za,3552
zh,zgh,1880
zh,yue,35
zh,zh-min-nan,201096
zh,zh-yue,147469
zh,zu,6684
